コード,業種区分,業種区分,業種別コードリスト
1301,食品,-,"[2971, 2972, 2979, 2989, 3226, 3234, 3249, 3269, 3279, 3281, 3282, 3283, 3287, 3290, 3292, 3295, 3296, 3309, 3451, 3455, 3459, 3462, 3463, 3466, 3468, 3470, 3471, 3472, 3476, 3481, 3487, 3488, 3492, 3493, 8301, 8421, 8951, 8952, 8953, 8954, 8955, 8956, 8957, 8958, 8960, 8961, 8963, 8964, 8966, 8967, 8968, 8972, 8975, 8976, 8977, 8979, 8984, 8985, 8986, 8987, 9282, 9284, 9285, 9286, 9287]"
130A,医薬品,エネルギー資源,"[1514, 1515, 1518, 1605, 1662, 1663, 3315, 5010, 5011, 5013, 5015, 5017, 5018, 5019, 5020, 5021]"
1332,食品,不動産,"[1435, '146A', '166A', 1783, 1878, '187A', 2337, 2353, 2970, 2975, 2978, 2980, 2981, 2982, 2983, 2984, 2986, 2991, 2993, 2997, 2998, 2999, 3003, 3231, 3232, 3236, 3237, 3238, 3241, 3242, 3245, 3246, 3248, 3252, 3254, 3261, 3264, 3266, 3271, 3275, 3276, 3277, 3280, 3284, 3286, 3288, 3289, 3291, 3293, 3294, 3297, 3299, 3300, 3452, 3454, 3457, 3458, 3461, 3465, 3467, 3469, 3474, 3475, 3477, 3479, 3480, 3482, 3484, 3486, 3489, 3490, 3491, 3494, 3495, 3496, 3497, 3498, 3772, 4666, 4809, 5280, 5527, 5532, 5533, 5535, 6620, 6625, 8801, 8802, 8803, 8804, 8818, 8830, 8836, 8841, 8844, 8848, 8850, 8860, 8864, 8869, 8871, 8877, 8881, 8886, 8887, 8889, 8890, 8891, 8892, 8894, 8897, 8898, 8904, 8905, 8908, 8912, 8914, 8917, 8918, 8919, 8923, 8927, 8928, 8929, 8931, 8934, 8935, 8938, 8940, 8944, 8945, 8946, 8995, 8996, 8999, 9706, 9816, 9820]"
1333,食品,医薬品,"['130A', '190A', '197A', '206A', 2160, '219A', 4151, 4502, 4503, 4506, 4507, 4512, 4516, 4519, 4521, 4523, 4524, 4527, 4528, 4530, 4534, 4536, 4538, 4539, 4540, 4547, 4548, 4549, 4551, 4552, 4553, 4554, 4556, 4558, 4559, 4563, 4564, 4565, 4568, 4569, 4570, 4571, 4572, 4574, 4575, 4576, 4577, 4578, 4579, 4582, 4583, 4584, 4586, 4587, 4588, 4591, 4592, 4593, 4594, 4595, 4596, 4597, 4598, 4599, 4875, 4880, 4881, 4882, 4883, 4884, 4885, 4886, 4887, 4888, 4889, 4890, 4891, 4892, 4893, 4894, 4896]"
135A,情報通信・サービスその他,商社・卸売,"['167A', 2667, 2668, 2676, 2689, 2692, 2693, 2700, 2708, 2715, 2721, 2733, 2737, 2743, 2750, 2751, 2760, 2763, 2767, 2768, 2776, 2784, 2788, 2795, 2874, 3004, 3023, 3024, 3035, 3036, 3038, 3041, 3045, 3054, 3070, 3076, 3079, 3089, 3107, 3131, 3132, 3139, 3140, 3143, 3150, 3151, 3153, 3154, 3156, 3157, 3160, 3161, 3166, 3167, 3168, 3173, 3176, 3180, 3183, 3306, 3320, 3321, 3322, 3323, 3350, 3355, 3359, 3360, 3374, 3377, 3386, 3388, 3392, 3393, 3417, 3537, 3540, 3541, 3543, 3559, 3562, 3565, 5009, 5283, 5885, 6973, 7111, 7114, 7115, 7116, 7120, 7128, 7130, 7131, 7413, 7414, 7417, 7420, 7422, 7425, 7426, 7427, 7433, 7434, 7435, 7438, 7442, 7443, 7444, 7446, 7447, 7451, 7456, 7458, 7459, 7460, 7461, 7464, 7466, 7467, 7472, 7476, 7477, 7480, 7481, 7482, 7483, 7486, 7487, 7490, 7500, 7501, 7504, 7505, 7510, 7521, 7525, 7531, 7537, 7538, 7539, 7552, 7555, 7559, 7565, 7567, 7570, 7575, 7590, 7599, 7602, 7607, 7608, 7609, 7613, 7619, 7624, 7628, 7634, 7635, 7637, 7670, 7673, 7677, 7681, 7685, 7687, 7689, 7698, 7699, 8001, 8002, 8006, 8007, 8012, 8014, 8015, 8018, 8020, 8025, 8030, 8031, 8032, 8037, 8038, 8039, 8041, 8043, 8045, 8046, 8051, 8052, 8053, 8057, 8058, 8059, 8060, 8061, 8065, 8066, 8070, 8072, 8074, 8075, 8076, 8077, 8078, 8079, 8081, 8084, 8085, 8088, 8089, 8091, 8093, 8095, 8097, 8098, 8101, 8103, 8104, 8105, 8115, 8117, 8119, 8123, 8125, 8129, 8130, 8131, 8132, 8133, 8135, 8136, 8137, 8138, 8139, 8141, 8142, 8144, 8147, 8150, 8151, 8152, 8153, 8154, 8158, 8159, 8225, 8226, 8275, 8283, 8285, 8835, 9260, 9264, 9265, 9268, 9270, 9273, 9274, 9305, 9763, 9812, 9818, 9824, 9827, 9830, 9832, 9837, 9849, 9852, 9857, 9867, 9869, 9872, 9882, 9885, 9888, 9895, 9896, 9902, 9906, 9908, 9913, 9914, 9929, 9930, 9932, 9934, 9941, 9955, 9960, 9962, 9972, 9982, 9986, 9987, 9991, 9996]"
1375,食品,小売,"['138A', '141A', '245A', 2652, 2653, 2654, 2656, 2659, 2664, 2666, 2669, 2670, 2673, 2674, 2678, 2681, 2683, 2685, 2686, 2687, 2694, 2695, 2698, 2702, 2705, 2722, 2726, 2730, 2734, 2735, 2736, 2742, 2747, 2752, 2753, 2754, 2762, 2764, 2769, 2778, 2780, 2782, 2789, 2790, 2791, 2792, 2796, 2798, 3011, 3020, 3028, 3030, 3034, 3046, 3048, 3050, 3053, 3058, 3059, 3063, 3064, 3065, 3067, 3068, 3069, 3071, 3073, 3075, 3077, 3080, 3082, 3083, 3086, 3087, 3088, 3091, 3092, 3093, 3094, 3096, 3097, 3099, 3133, 3134, 3135, 3137, 3138, 3141, 3148, 3159, 3169, 3172, 3174, 3175, 3177, 3178, 3179, 3181, 3182, 3184, 3185, 3186, 3187, 3189, 3190, 3191, 3192, 3193, 3195, 3196, 3197, 3198, 3199, 3221, 3222, 3223, 3224, 3317, 3319, 3328, 3329, 3333, 3341, 3347, 3349, 3352, 3353, 3358, 3361, 3370, 3372, 3375, 3382, 3387, 3391, 3395, 3396, 3397, 3399, 3415, 3416, 3418, 3536, 3538, 3539, 3542, 3544, 3546, 3547, 3548, 3549, 3550, 3556, 3557, 3558, 3560, 3561, 3563, 3566, 3726, 3825, 4350, 5856, 5884, 5888, 5889, 5891, 5892, 6993, 7110, 7112, 7119, 7126, 7127, 7129, 7133, 7134, 7135, 7138, 7140, 7412, 7416, 7419, 7421, 7445, 7450, 7453, 7455, 7462, 7463, 7475, 7494, 7506, 7508, 7509, 7512, 7513, 7514, 7515, 7516, 7520, 7522, 7523, 7524, 7532, 7544, 7545, 7550, 7554, 7561, 7562, 7564, 7571, 7578, 7581, 7585, 7593, 7596, 7601, 7603, 7604, 7605, 7606, 7610, 7611, 7614, 7615, 7616, 7621, 7623, 7625, 7630, 7636, 7638, 7640, 7643, 7646, 7649, 7674, 7678, 7679, 7682, 7683, 7686, 7694, 7695, 7918, 8005, 8008, 8160, 8163, 8165, 8166, 8167, 8173, 8174, 8179, 8181, 8182, 8185, 8194, 8198, 8200, 8202, 8203, 8207, 8208, 8209, 8214, 8215, 8217, 8218, 8219, 8227, 8230, 8233, 8237, 8242, 8244, 8247, 8252, 8254, 8255, 8260, 8267, 8273, 8276, 8278, 8279, 8281, 8282, 8289, 8291, 9262, 9267, 9271, 9275, 9278, 9279, 9627, 9823, 9828, 9831, 9835, 9842, 9843, 9846, 9850, 9853, 9854, 9856, 9861, 9876, 9878, 9887, 9890, 9900, 9903, 9904, 9927, 9936, 9946, 9948, 9950, 9956, 9959, 9969, 9973, 9974, 9976, 9978, 9979, 9980, 9983, 9989, 9990, 9993, 9994, 9997]"
1376,食品,建設・資材,"[1401, 1407, 1414, 1417, 1418, 1419, 1420, 1429, 1430, 1431, 1433, 1434, 1436, 1438, 1439, 1443, 1444, 1446, 1447, 1450, 1451, 1711, 1712, 1716, 1718, 1719, 1720, 1721, 1723, 1724, 1726, 1730, 1736, 1743, 1757, 1758, 1762, 1764, 1766, 1768, 1770, 1773, 1775, 1776, 1780, 1786, 1787, 1788, 1793, 1795, 1798, 1799, 1801, 1802, 1803, 1807, 1808, 1810, 1811, 1812, 1813, 1814, 1815, 1820, 1821, 1822, 1826, 1827, 1828, 1833, 1835, 1840, 1841, 1844, 1847, 1848, 1850, 1852, 1853, 1860, 1861, 1866, 1867, 1870, 1871, 1873, 1879, 1882, 1884, 1885, 1887, 1888, 1890, 1893, 1897, 1898, 1899, 1904, 1905, 1911, 1914, 1921, 1925, 1926, 1928, 1929, 1930, 1934, 1938, 1939, 1941, 1942, 1944, 1945, 1946, 1948, 1949, 1950, 1951, 1952, 1959, 1960, 1961, 1963, 1964, 1965, 1966, 1967, 1968, 1969, 1972, 1975, 1976, 1979, 1980, 1981, 1982, 1992, 1994, 1997, '205A', '211A', 2961, 2962, 3110, 3267, 3420, 3421, 3422, 3423, 3426, 3431, 3433, 3434, 3435, 3436, 3437, 3439, 3440, 3441, 3443, 3444, 3445, 3446, 3447, 3449, 4026, 5070, 5071, 5074, 5076, 50765, 5078, 5079, 5201, 5202, 5204, 5210, 5214, 5216, 5218, 5232, 5233, 5237, 5262, 5268, 5269, 5271, 5273, 5277, 5279, 5282, 5284, 5285, 5287, 5288, 5290, 5301, 5302, 5304, 5310, 5331, 5332, 5333, 5334, 5337, 5341, 5344, 5351, 5352, 5355, 5356, 5357, 5363, 5367, 5368, 5380, 5381, 5384, 5386, 5388, 5391, 5393, 5395, 5900, 5901, 5902, 5903, 5905, 5906, 5909, 5911, 5915, 5918, 5921, 5922, 5923, 5928, 5929, 5930, 5932, 5933, 5935, 5936, 5938, 5939, 5940, 5941, 5942, 5943, 5945, 5946, 5947, 5950, 5951, 5952, 5955, 5956, 5957, 5958, 5959, 5965, 5966, 5967, 5969, 5970, 5971, 5973, 5974, 5975, 5976, 5981, 5982, 5983, 5984, 5985, 5986, 5987, 5988, 5989, 5990, 5991, 5992, 5994, 5997, 5998, 6330, 6366, 6379, 7943, 7985, 7989, 8155]"
1377,食品,情報通信・サービスその他,"['135A', '137A', '142A', '143A', '145A', '147A', '148A', '149A', '150A', '151A', '153A', '155A', '156A', '157A', '160A', '168A', 1717, '173A', '175A', '184A', '186A', '189A', '192A', '194A', '195A', 1973, '198A', '202A', '208A', 2120, 2121, 2122, 2124, 2127, '212A', 2130, 2134, 2136, 2138, 2139, 2146, 2148, 2150, 2152, 2153, 2154, 2156, 2157, 2158, '215A', 2162, 2163, 2164, 2168, 2169, 2170, 2173, 2175, 2179, 2180, 2181, 2183, 2185, 2186, 2193, 2195, 2196, 2198, '220A', '228A', 2300, 2301, 2303, 2304, 2305, 2307, 2311, 2315, 2317, 2321, 2323, 2325, 2326, 2327, 2329, 2330, 2331, 2332, 2334, 2335, 2338, 2340, 2341, 2342, 2344, 2345, 2349, 2351, 2354, 2359, 2370, 2371, 2372, 2373, 2374, 2375, 2376, 2378, 2379, 2385, 2389, 2391, 2393, 2395, 2397, 2404, 2408, 2410, 2411, 2413, 2415, 2418, '241A', 2424, 2425, 2428, 2429, 2432, 2433, 2435, 2436, 2437, 2438, 2440, 2445, 2449, '244A', 2454, 2459, 2461, 2462, 2464, 2469, '246A', 2471, 2475, 2477, 2479, 2480, 2481, 2483, 2484, 2485, 2487, 2488, 2489, '248A', 2491, 2492, 2493, 2497, 2498, 2499, 2749, 3010, 3021, 3031, 3040, 3042, 3121, 3326, 3371, 3521, 3622, 3623, 3624, 3625, 3626, 3627, 3628, 3632, 3633, 3634, 3635, 3636, 3639, 3640, 3641, 3645, 3646, 3647, 3648, 3649, 3652, 3653, 3655, 3656, 3657, 3659, 3660, 3661, 3662, 3663, 3664, 3665, 3666, 3667, 3668, 3670, 3671, 3672, 3673, 3674, 3675, 3676, 3678, 3679, 3680, 3681, 3682, 3683, 3686, 3687, 3688, 3690, 3691, 3692, 3694, 3695, 3696, 3697, 3698, 3710, 3712, 3719, 3723, 3727, 3733, 3738, 3741, 3744, 3747, 3750, 3753, 3758, 3760, 3762, 3763, 3765, 3766, 3768, 3769, 3770, 3771, 3773, 3774, 3776, 3777, 3778, 3779, 3787, 3788, 3791, 3793, 3796, 3798, 3799, 3800, 3802, 3803, 3804, 3807, 3810, 3814, 3815, 3816, 3817, 3823, 3826, 3834, 3835, 3836, 3837, 3839, 3840, 3841, 3842, 3843, 3844, 3845, 3847, 3848, 3850, 3851, 3853, 3854, 3857, 3858, 3900, 3901, 3902, 3903, 3904, 3905, 3907, 3908, 3909, 3910, 3911, 3912, 3913, 3914, 3915, 3916, 3917, 3918, 3920, 3921, 3922, 3923, 3924, 3925, 3926, 3927, 3928, 3929, 3930, 3931, 3932, 3933, 3934, 3935, 3936, 3937, 3939, 3940, 3961, 3962, 3963, 3964, 3965, 3967, 3968, 3969, 3970, 3974, 3976, 3978, 3979, 3981, 3983, 3984, 3985, 3986, 3987, 3988, 3989, 3990, 3991, 3992, 3993, 3994, 3996, 3997, 3998, 4011, 4012, 4013, 4014, 4015, 4016, 4017, 4019, 4020, 4051, 4052, 4053, 4054, 4055, 4056, 4057, 4058, 4059, 4060, 4068, 4069, 4071, 4072, 4073, 4074, 4075, 4076, 4165, 4166, 4167, 4168, 4169, 4170, 4171, 4172, 4173, 4174, 4175, 4176, 4177, 4178, 4179, 4180, 4192, 4193, 4194, 4196, 4197, 4198, 4199, 4255, 4256, 4258, 4259, 4260, 4261, 4262, 4263, 4264, 4265, 4267, 4268, 4270, 4284, 4286, 4287, 4288, 4290, 4293, 4295, 4298, 4299, 4301, 4304, 4307, 4308, 4310, 4316, 4317, 4318, 4319, 4320, 4323, 4324, 4326, 4331, 4333, 4334, 4335, 4337, 4341, 4343, 4344, 4345, 4347, 4348, 4356, 4370, 4371, 4372, 4373, 4374, 4375, 4376, 4377, 4378, 4379, 4380, 4381, 4382, 4384, 4385, 4386, 4387, 4388, 4389, 4390, 4391, 4392, 4393, 4394, 4395, 4396, 4397, 4398, 4412, 4413, 4414, 4415, 4416, 4417, 4418, 4419, 4420, 4421, 4422, 4424, 4425, 4427, 4428, 4429, 4430, 4431, 4432, 4433, 4434, 4435, 4436, 4437, 4438, 4439, 4440, 4441, 4442, 4443, 4444, 4445, 4446, 4447, 4448, 4449, 4450, 4475, 4476, 4477, 4478, 4479, 4480, 4481, 4482, 4483, 4484, 4485, 4486, 4487, 4488, 4490, 4491, 4492, 4493, 4494, 4495, 4496, 4498, 4499, 4544, 4641, 4642, 4644, 4645, 4650, 4651, 4657, 4658, 4659, 4661, 4662, 4664, 4665, 4667, 4668, 4671, 4673, 4674, 4676, 4678, 4679, 4680, 4681, 4684, 4685, 4686, 4687, 4689, 4690, 4691, 4694, 4704, 4705, 4707, 4709, 4712, 4714, 4716, 4718, 4719, 4720, 4722, 4725, 4728, 4732, 4733, 4735, 4736, 4743, 4745, 4746, 4750, 4751, 4752, 4754, 4755, 4760, 4761, 4762, 4763, 4765, 4766, 4767, 4768, 4769, 4771, 4772, 4776, 4777, 4783, 4784, 4792, 4800, 4801, 4811, 4812, 4813, 4814, 4816, 4819, 4820, 4824, 4825, 4826, 4828, 4829, 4832, 4833, 4838, 4839, 4840, 4845, 4847, 4848, 4849, 5025, 5026, 5027, 5028, 5029, 5031, 5032, 5033, 5034, 5035, 5036, 5038, 5125, 5126, 5129, 5131, 5132, 5133, 5134, 5136, 5137, 5138, 5139, 5240, 5242, 5243, 5244, 5246, 5247, 5248, 5250, 5252, 5253, 5254, 5255, 5256, 5257, 5258, 5259, 5261, 5570, 5571, 5572, 5574, 5575, 5576, 5577, 5578, 5580, 5582, 5585, 5586, 5587, 5588, 5589, 5590, 5591, 5592, 5595, 5596, 5597, 5599, 5616, 5618, 5619, 5621, 5867, 5868, 5869, 5870, 5871, 5962, 6026, 6027, 6028, 6029, 6030, 6031, 6033, 6034, 6035, 6036, 6037, 6038, 6039, 6040, 6044, 6045, 6046, 6047, 6048, 6049, 6050, 6054, 6055, 6058, 6059, 6060, 6061, 6062, 6063, 6069, 6070, 6071, 6072, 6073, 6074, 6078, 6080, 6081, 6082, 6083, 6085, 6086, 6087, 6088, 6089, 6090, 6091, 6092, 6093, 6094, 6095, 6096, 6098, 6099, 6171, 6173, 6176, 6177, 6178, 6180, 6181, 6182, 6183, 6184, 6185, 6186, 6189, 6190, 6191, 6193, 6194, 6195, 6196, 6197, 6198, 6199, 6200, 6532, 6533, 6535, 6537, 6538, 6539, 6540, 6542, 6543, 6544, 6545, 6546, 6547, 6548, 6549, 6550, 6551, 6552, 6554, 6555, 6557, 6558, 6560, 6561, 6562, 6563, 6564, 6565, 6566, 6568, 6570, 6571, 6572, 6573, 6574, 6577, 6578, 6579, 6580, 6786, 6819, 6879, 6888, 6942, 7030, 7031, 7033, 7034, 7035, 7036, 7037, 7038, 7039, 7040, 7041, 7042, 7043, 7044, 7046, 7047, 7048, 7049, 7050, 7057, 7058, 7059, 7060, 7061, 7062, 7063, 7064, 7065, 7066, 7067, 7068, 7069, 7071, 7072, 7073, 7074, 7077, 7078, 7079, 7080, 7081, 7082, 7083, 7084, 7085, 7087, 7088, 7089, 7090, 7091, 7092, 7093, 7094, 7095, 7096, 7097, 7351, 7352, 7353, 7354, 7356, 7357, 7358, 7359, 7360, 7361, 7362, 7363, 7366, 7367, 7368, 7369, 7370, 7371, 7372, 7373, 7374, 7375, 7376, 7377, 7378, 7379, 7502, 7518, 7527, 7595, 7647, 7791, 7792, 7793, 7794, 7795, 7800, 7803, 7804, 7805, 7806, 7807, 7808, 7809, 7810, 7811, 7812, 7813, 7814, 7815, 7817, 7818, 7819, 7820, 7821, 7822, 7823, 7826, 7827, 7831, 7832, 7833, 7836, 7837, 7839, 7840, 7841, 7844, 7846, 7847, 7849, 7850, 7851, 7856, 7857, 7859, 7860, 7863, 7864, 7865, 7867, 7868, 7872, 7875, 7878, 7879, 7883, 7885, 7887, 7893, 7896, 7897, 7898, 7901, 7902, 7906, 7911, 7912, 7914, 7915, 7916, 7919, 7921, 7922, 7923, 7932, 7936, 7937, 7938, 7939, 7944, 7946, 7949, 7951, 7952, 7953, 7955, 7956, 7957, 7962, 7963, 7966, 7972, 7974, 7975, 7976, 7980, 7981, 7983, 7984, 7986, 7987, 7990, 7992, 7994, 7997, 8022, 8023, 8056, 8157, 8769, 8876, 8920, 9158, 9159, 9160, 9161, 9162, 9163, 9164, 9165, 9166, 9168, 9211, 9212, 9213, 9214, 9215, 9216, 9218, 9219, 9220, 9221, 9223, 9225, 9227, 9229, 9235, 9236, 9237, 9238, 9240, 9241, 9242, 9244, 9245, 9246, 9247, 9248, 9249, 9250, 9251, 9252, 9253, 9254, 9256, 9257, 9258, 9259, 9272, 9330, 9331, 9332, 9336, 9337, 9338, 9339, 9340, 9341, 9342, 9343, 9344, 9345, 9346, 9347, 9348, 9360, 9376, 9399, 9401, 9404, 9405, 9408, 9409, 9412, 9413, 9414, 9416, 9417, 9418, 9419, 9421, 9423, 9424, 9425, 9428, 9432, 9433, 9434, 94345, 9435, 9436, 9438, 9439, 9441, 9444, 9445, 9446, 9449, 9450, 9466, 9467, 9468, 9470, 9474, 9475, 9476, 9478, 9479, 9552, 9553, 9554, 9556, 9557, 9558, 9560, 9561, 9562, 9563, 9564, 9565, 9600, 9601, 9602, 9603, 9605, 9610, 9612, 9613, 9616, 9619, 9621, 9622, 9625, 9628, 9629, 9632, 9633, 9635, 9636, 9639, 9640, 9644, 9647, 9651, 9656, 9658, 9661, 9663, 9672, 9675, 9678, 9679, 9682, 9684, 9685, 9686, 9687, 9691, 9692, 9696, 9697, 9698, 9699, 9701, 9702, 9704, 9708, 9709, 9713, 9715, 9716, 9719, 9720, 9722, 9723, 9726, 9729, 9731, 9733, 9735, 9739, 9740, 9742, 9743, 9744, 9746, 9749, 9753, 9755, 9757, 9759, 9760, 9761, 9765, 9766, 9767, 9768, 9769, 9776, 9778, 9780, 9782, 9787, 9788, 9790, 9791, 9793, 9795, 9799, 9889, 9928, 9984]"
1379,食品,機械,"[1909, 5631, 6005, 6013, 6022, 6101, 6103, 6104, 6113, 6118, 6125, 6131, 6134, 6135, 6136, 6137, 6138, 6140, 6141, 6143, 6144, 6145, 6146, 6147, 6149, 6150, 6151, 6155, 6156, 6157, 6158, 6159, 6161, 6164, 6165, 6166, 6167, 6203, 6208, 6209, 6210, 6217, 6218, 6222, 6223, 6224, 6226, 6227, 6228, 6229, 6230, 6231, 6232, 6233, 6235, 6236, 6237, 6238, 6239, 6240, 6245, 6246, 6247, 6248, 6249, 6250, 6254, 6255, 6257, 6258, 6262, 6264, 6265, 6266, 6267, 6268, 6269, 6272, 6273, 6277, 6278, 6279, 6282, 6284, 6286, 6287, 6289, 6291, 6292, 6293, 6294, 6297, 6298, 6301, 6302, 6305, 6306, 6307, 6309, 6310, 6312, 6315, 6316, 6317, 6322, 6323, 6324, 6325, 6326, 6327, 6328, 6331, 6332, 6333, 6334, 6335, 6336, 6337, 6338, 6339, 6340, 6342, 6343, 6345, 6346, 6347, 6349, 6351, 6356, 6357, 6358, 6360, 6361, 6362, 6363, 6364, 6365, 6367, 6368, 6369, 6370, 6371, 6373, 6378, 6380, 6381, 6382, 6383, 6384, 6387, 6390, 6391, 6392, 6393, 6395, 6396, 6400, 6402, 6403, 6405, 6406, 6407, 6408, 6411, 6412, 6413, 6416, 6417, 6418, 6419, 6420, 6424, 6425, 6428, 6430, 6432, 6433, 6436, 6440, 6444, 6445, 6454, 6457, 6458, 6459, 6460, 6463, 6464, 6465, 6466, 6467, 6469, 6470, 6471, 6472, 6473, 6474, 6480, 6481, 6482, 6484, 6485, 6486, 6488, 6489, 6490, 6492, 6494, 6495, 6496, 6497, 6498, 6586, 7003, 7004, 7011, 7013, 7021, 7022, 7718, 7726, 7991]"
137A,情報通信・サービスその他,素材・化学,"['177A', '247A', 2930, 3001, 3002, 3101, 3103, 3104, 3106, 3109, 3111, 3123, 3201, 3202, 3204, 3205, 3302, 3401, 3402, 3405, 3407, 3409, 3501, 3512, 3513, 3524, 3529, 3551, 3553, 3569, 3571, 3577, 3580, 3583, 3591, 3593, 3597, 3598, 3600, 3604, 3607, 3608, 3611, 3612, 3708, 3861, 3863, 3864, 3865, 3877, 3878, 3880, 3891, 3892, 3895, 3896, 3941, 3943, 3944, 3945, 3946, 3947, 3948, 3950, 3951, 3953, 3954, 3955, 3958, 4004, 4005, 4008, 4021, 4022, 4023, 4025, 4027, 4028, 4031, 4040, 4041, 4042, 4043, 4044, 4045, 4046, 4047, 4061, 4063, 4064, 4078, 4080, 4082, 4088, 4091, 4092, 4093, 4094, 4095, 4097, 4098, 4099, 4100, 4102, 4107, 4109, 4112, 4113, 4114, 4116, 4118, 4119, 4120, 4124, 4125, 4182, 4183, 4186, 4187, 4188, 4189, 4202, 4203, 4204, 4205, 4206, 4208, 4212, 4215, 4216, 4218, 4220, 4221, 4222, 4224, 4228, 4229, 4231, 4234, 4235, 4237, 4238, 4240, 4241, 4242, 4243, 4245, 4246, 4247, 4248, 4249, 4251, 4272, 4274, 4275, 4360, 4361, 4362, 4365, 4366, 4367, 4368, 4369, 4401, 4403, 4406, 4409, 4410, 4452, 4461, 4462, 4463, 4464, 4465, 4471, 4531, 4611, 4612, 4613, 4615, 4616, 4617, 4619, 4620, 4623, 4624, 4625, 4626, 4627, 4628, 4629, 4631, 4633, 4634, 4635, 4901, 4911, 4912, 4914, 4917, 4918, 4919, 4920, 4921, 4922, 4923, 4925, 4926, 4927, 4928, 4929, 4931, 4932, 4933, 4934, 4935, 4936, 4937, 4951, 4955, 4956, 4957, 4958, 4960, 4966, 4967, 4968, 4970, 4971, 4972, 4973, 4974, 4975, 4976, 4977, 4978, 4979, 4980, 4985, 4990, 4992, 4994, 4996, 4997, 4998, 5142, 5208, 6776, 6988, 7871, 7874, 7877, 7886, 7888, 7908, 7917, 7925, 7927, 7928, 7931, 7940, 7942, 7947, 7958, 7970, 7971, 7988, 7995, 8011, 8013, 8016, 8029, 8040, 8107, 8111, 8113, 8114, 8118, 8127, 8143, 9385, 9845]"
1380,食品,自動車・輸送機,"[3116, 3526, 5101, 5103, 5105, 5108, 5110, 5121, 5122, 5161, 5162, 5184, 5185, 5186, 5189, 5191, 5192, 5194, 5195, 5199, 5949, 6016, 6018, 6023, 6042, 6201, 6455, 6493, 6584, 6902, 6982, 6995, 7012, 7014, 7018, 7102, 7105, 7122, 7201, 7202, 7203, 7205, 7208, 7211, 7212, 7213, 7214, 7215, 7217, 7218, 7219, 7220, 7222, 7224, 7226, 7228, 7229, 7231, 7235, 7236, 7238, 7239, 7240, 7241, 7242, 7245, 7246, 7247, 7250, 7254, 7255, 7256, 7259, 7261, 7264, 7265, 7266, 7267, 7268, 7269, 7270, 7271, 7272, 7273, 7277, 7278, 7279, 7282, 7283, 7284, 7287, 7291, 7292, 7294, 7296, 7297, 7299, 7309, 7313, 7314, 7317, 7318, 7399, 7408, 7409, 7551]"
1381,食品,運輸・物流,"[2384, 9001, 9003, 9005, 9006, 9007, 9008, 9009, 9010, 9012, 9017, 9020, 9021, 9022, 9024, 9025, 9028, 9029, 9031, 9033, 9034, 9036, 9037, 9039, 9041, 9042, 9044, 9045, 9046, 9048, 9049, 9051, 9052, 9055, 9057, 9058, 9059, 9060, 9063, 9064, 9065, 9066, 9067, 9068, 9069, 9070, 9072, 9073, 9074, 9075, 9076, 9081, 9082, 9083, 9087, 9090, 9099, 9101, 9104, 9107, 9110, 9115, 9119, 9127, 9130, 9142, 9143, 9145, 9147, 9171, 9173, 9193, 9201, 9202, 9204, 9206, 9232, 9233, 9301, 9302, 9303, 9304, 9306, 9307, 9308, 9310, 9311, 9312, 9313, 9319, 9322, 9324, 9325, 9326, 9327, 9351, 9353, 9355, 9361, 9362, 9363, 9364, 9365, 9366, 9367, 9368, 9369, 9377, 9380, 9381, 9384, 9386]"
1382,食品,金融（除く銀行）,"['165A', '196A', 2388, 3113, 4346, 4351, 5834, 5842, 5843, 5845, 7148, 7157, 7162, 7164, 7172, 7175, 7177, 7181, 7183, 7185, 7187, 7191, 7192, 7196, 7198, 7199, 7320, 7325, 7326, 7342, 7343, 7345, 7347, 7383, 7386, 7388, 8253, 8424, 8425, 8439, 8473, 8508, 8511, 8515, 8518, 8566, 8570, 8572, 8584, 8585, 8591, 8593, 8595, 8596, 8601, 8604, 8609, 8613, 8614, 8616, 8617, 8622, 8624, 8628, 8630, 8697, 8698, 8699, 8700, 8704, 8705, 8706, 8707, 8708, 8715, 8725, 8732, 8737, 8739, 8742, 8746, 8747, 8750, 8766, 8771, 8772, 8783, 8789, 8793, 8795, 8798]"
1383,食品,鉄鋼・非鉄,"[1491, 5401, 5406, 5408, 5410, 5411, 5423, 5440, 5444, 5445, 5446, 5449, 5451, 5458, 5461, 5463, 5464, 5471, 5476, 5480, 5481, 5482, 5484, 5491, 5541, 5542, 5563, 5602, 5603, 5609, 5610, 5612, 5632, 5644, 5658, 5659, 5660, 5695, 5697, 5698, 5699, 5702, 5703, 5704, 5706, 5707, 5711, 5713, 5714, 5715, 5721, 5724, 5726, 5727, 5729, 5741, 5742, 5753, 5757, 5759, 5801, 5802, 5803, 5805, 5809, 5816, 5817, 5819, 5820, 5821, 5851, 5852, 5857, 5858, 6319, 7305]"
1384,食品,銀行,"[5830, 5831, 5832, 5838, 5844, 7150, 7161, 7163, 7167, 7173, 7180, 7182, 7184, 7186, 7189, 7322, 7327, 7337, 7350, 7380, 7381, 7384, 7389, 8304, 8306, 8308, 8309, 8316, 8331, 8334, 8336, 8337, 8338, 8341, 8343, 8344, 8345, 8346, 8349, 8354, 8358, 8359, 8360, 8361, 8362, 8364, 8365, 8366, 8367, 8368, 8370, 8377, 8381, 8383, 8386, 8387, 8388, 8392, 8393, 8395, 8399, 8410, 8411, 8416, 8418, 8522, 8524, 8537, 8541, 8542, 8544, 8550, 8551, 8558, 8562, 8563, 8600, 8713, 8714]"
138A,小売,電力・ガス,"['176A', 7692, 9501, 9502, 9503, 9504, 9505, 9506, 9507, 9508, 9509, 9511, 9513, 9514, 9517, 9519, 9522, 9531, 9532, 9533, 9534, 9535, 9536, 9537, 9539, 9543, 9551]"
1401,建設・資材,電機・精密,"['218A', 3105, 3856, 4062, 4543, 4902, 5187, 6276, 6376, 6448, 6479, 6501, 6503, 6504, 6505, 6506, 6507, 6508, 6513, 6516, 6517, 6518, 6521, 6522, 6523, 6524, 6525, 6526, 6588, 6590, 6592, 6594, 6597, 6599, 6612, 6613, 6614, 6615, 6616, 6617, 6619, 6622, 6626, 6627, 6629, 6630, 6632, 6633, 6634, 6635, 6637, 6638, 6640, 6643, 6644, 6645, 6647, 6648, 6651, 6652, 6653, 6654, 6656, 6658, 6659, 6662, 6663, 6664, 6666, 6668, 6670, 6674, 6675, 6676, 6677, 6678, 6694, 6696, 6697, 6698, 6699, 6701, 6702, 6703, 6706, 6707, 6715, 6718, 6721, 6723, 6724, 6727, 6728, 6730, 6731, 6734, 6736, 6737, 6740, 6741, 6742, 6743, 6744, 6745, 6748, 6750, 6752, 6753, 6754, 6755, 6757, 6758, 6762, 6763, 6768, 6769, 6770, 6771, 6772, 6775, 6777, 6778, 6779, 6785, 6787, 6788, 6794, 6797, 6798, 6800, 6803, 6804, 6806, 6807, 6809, 6810, 6814, 6817, 6820, 6822, 6823, 6824, 6832, 6834, 6835, 6836, 6837, 6838, 6840, 6841, 6844, 6845, 6848, 6849, 6850, 6853, 6855, 6856, 6857, 6858, 6859, 6861, 6862, 6863, 6864, 6866, 6867, 6869, 6870, 6871, 6874, 6875, 6877, 6882, 6890, 6894, 6897, 6898, 6899, 6901, 6904, 6905, 6907, 6908, 6912, 6914, 6915, 6918, 6919, 6920, 6923, 6925, 6926, 6927, 6928, 6929, 6930, 6932, 6937, 6941, 6943, 6946, 6947, 6951, 6952, 6954, 6955, 6957, 6958, 6960, 6961, 6962, 6963, 6964, 6965, 6966, 6967, 6969, 6971, 6976, 6977, 6981, 6986, 6989, 6994, 6996, 6997, 6998, 6999, 7244, 7276, 7280, 7600, 7701, 7702, 7707, 7709, 7711, 7713, 7715, 7716, 7717, 7719, 7721, 7722, 7723, 7725, 7727, 7729, 7730, 7731, 7732, 7733, 7734, 7735, 7739, 7740, 7741, 7743, 7744, 7745, 7746, 7747, 7749, 7751, 7752, 7760, 7762, 7769, 7771, 7774, 7775, 7776, 7777, 7779, 7780, 7781, 7782, 7965, 7979, 7999, 8035, 8050, 8086, 9880]"
1407,建設・資材,食品,"[1301, 1332, 1333, 1375, 1376, 1377, 1379, 1380, 1381, 1382, 1383, 1384, 2001, 2002, 2003, 2004, 2009, 2053, 2055, 2060, 2107, 2108, 2109, 2112, 2114, 2117, 2201, 2204, 2206, 2207, 2208, 2209, 2211, 2212, 2215, 2216, 2217, 2220, 2221, 2222, 2224, 2226, 2229, 2264, 2266, 2267, 2268, 2269, 2270, 2281, 2282, 2286, 2288, 2291, 2292, 2293, 2294, 2296, 2501, 2502, 2503, 2531, 2533, 2540, 2573, 2579, 2585, 2586, 2587, 2588, 2590, 2593, 25935, 2594, 2597, 2599, 2602, 2607, 2612, 2613, 2801, 2802, 2804, 2805, 2806, 2809, 2810, 2811, 2813, 2814, 2815, 2816, 2818, 2819, 2820, 2830, 2831, 2871, 2872, 2875, 2876, 2877, 2882, 2883, 2884, 2892, 2894, 2897, 2901, 2903, 2904, 2907, 2908, 2910, 2911, 2914, 2915, 2916, 2917, 2918, 2922, 2923, 2924, 2926, 2927, 2929, 2931, 2932, 2933, 2934, 2935, 2936, 2937, 2938, 4404, 4526]"
1414,建設・資材,,
1417,建設・資材,,
1418,建設・資材,,
1419,建設・資材,,
141A,小売,,
1420,建設・資材,,
1429,建設・資材,,
142A,情報通信・サービスその他,,
1430,建設・資材,,
1431,建設・資材,,
1433,建設・資材,,
1434,建設・資材,,
1435,不動産,,
1436,建設・資材,,
1438,建設・資材,,
1439,建設・資材,,
143A,情報通信・サービスその他,,
1443,建設・資材,,
1444,建設・資材,,
1446,建設・資材,,
1447,建設・資材,,
1450,建設・資材,,
1451,建設・資材,,
145A,情報通信・サービスその他,,
146A,不動産,,
147A,情報通信・サービスその他,,
148A,情報通信・サービスその他,,
1491,鉄鋼・非鉄,,
149A,情報通信・サービスその他,,
150A,情報通信・サービスその他,,
1514,エネルギー資源,,
1515,エネルギー資源,,
1518,エネルギー資源,,
151A,情報通信・サービスその他,,
153A,情報通信・サービスその他,,
155A,情報通信・サービスその他,,
156A,情報通信・サービスその他,,
157A,情報通信・サービスその他,,
1605,エネルギー資源,,
160A,情報通信・サービスその他,,
165A,金融（除く銀行）,,
1662,エネルギー資源,,
1663,エネルギー資源,,
166A,不動産,,
167A,商社・卸売,,
168A,情報通信・サービスその他,,
1711,建設・資材,,
1712,建設・資材,,
1716,建設・資材,,
1717,情報通信・サービスその他,,
1718,建設・資材,,
1719,建設・資材,,
1720,建設・資材,,
1721,建設・資材,,
1723,建設・資材,,
1724,建設・資材,,
1726,建設・資材,,
1730,建設・資材,,
1736,建設・資材,,
173A,情報通信・サービスその他,,
1743,建設・資材,,
1757,建設・資材,,
1758,建設・資材,,
175A,情報通信・サービスその他,,
1762,建設・資材,,
1764,建設・資材,,
1766,建設・資材,,
1768,建設・資材,,
176A,電力・ガス,,
1770,建設・資材,,
1773,建設・資材,,
1775,建設・資材,,
1776,建設・資材,,
177A,素材・化学,,
1780,建設・資材,,
1783,不動産,,
1786,建設・資材,,
1787,建設・資材,,
1788,建設・資材,,
1793,建設・資材,,
1795,建設・資材,,
1798,建設・資材,,
1799,建設・資材,,
1801,建設・資材,,
1802,建設・資材,,
1803,建設・資材,,
1807,建設・資材,,
1808,建設・資材,,
1810,建設・資材,,
1811,建設・資材,,
1812,建設・資材,,
1813,建設・資材,,
1814,建設・資材,,
1815,建設・資材,,
1820,建設・資材,,
1821,建設・資材,,
1822,建設・資材,,
1826,建設・資材,,
1827,建設・資材,,
1828,建設・資材,,
1833,建設・資材,,
1835,建設・資材,,
1840,建設・資材,,
1841,建設・資材,,
1844,建設・資材,,
1847,建設・資材,,
1848,建設・資材,,
184A,情報通信・サービスその他,,
1850,建設・資材,,
1852,建設・資材,,
1853,建設・資材,,
1860,建設・資材,,
1861,建設・資材,,
1866,建設・資材,,
1867,建設・資材,,
186A,情報通信・サービスその他,,
1870,建設・資材,,
1871,建設・資材,,
1873,建設・資材,,
1878,不動産,,
1879,建設・資材,,
187A,不動産,,
1882,建設・資材,,
1884,建設・資材,,
1885,建設・資材,,
1887,建設・資材,,
1888,建設・資材,,
1890,建設・資材,,
1893,建設・資材,,
1897,建設・資材,,
1898,建設・資材,,
1899,建設・資材,,
189A,情報通信・サービスその他,,
1904,建設・資材,,
1905,建設・資材,,
1909,機械,,
190A,医薬品,,
1911,建設・資材,,
1914,建設・資材,,
1921,建設・資材,,
1925,建設・資材,,
1926,建設・資材,,
1928,建設・資材,,
1929,建設・資材,,
192A,情報通信・サービスその他,,
1930,建設・資材,,
1934,建設・資材,,
1938,建設・資材,,
1939,建設・資材,,
1941,建設・資材,,
1942,建設・資材,,
1944,建設・資材,,
1945,建設・資材,,
1946,建設・資材,,
1948,建設・資材,,
1949,建設・資材,,
194A,情報通信・サービスその他,,
1950,建設・資材,,
1951,建設・資材,,
1952,建設・資材,,
1959,建設・資材,,
195A,情報通信・サービスその他,,
1960,建設・資材,,
1961,建設・資材,,
1963,建設・資材,,
1964,建設・資材,,
1965,建設・資材,,
1966,建設・資材,,
1967,建設・資材,,
1968,建設・資材,,
1969,建設・資材,,
196A,金融（除く銀行）,,
1972,建設・資材,,
1973,情報通信・サービスその他,,
1975,建設・資材,,
1976,建設・資材,,
1979,建設・資材,,
197A,医薬品,,
1980,建設・資材,,
1981,建設・資材,,
1982,建設・資材,,
198A,情報通信・サービスその他,,
1992,建設・資材,,
1994,建設・資材,,
1997,建設・資材,,
2001,食品,,
2002,食品,,
2003,食品,,
2004,食品,,
2009,食品,,
202A,情報通信・サービスその他,,
2053,食品,,
2055,食品,,
205A,建設・資材,,
2060,食品,,
206A,医薬品,,
208A,情報通信・サービスその他,,
2107,食品,,
2108,食品,,
2109,食品,,
2112,食品,,
2114,食品,,
2117,食品,,
211A,建設・資材,,
2120,情報通信・サービスその他,,
2121,情報通信・サービスその他,,
2122,情報通信・サービスその他,,
2124,情報通信・サービスその他,,
2127,情報通信・サービスその他,,
212A,情報通信・サービスその他,,
2130,情報通信・サービスその他,,
2134,情報通信・サービスその他,,
2136,情報通信・サービスその他,,
2138,情報通信・サービスその他,,
2139,情報通信・サービスその他,,
2146,情報通信・サービスその他,,
2148,情報通信・サービスその他,,
2150,情報通信・サービスその他,,
2152,情報通信・サービスその他,,
2153,情報通信・サービスその他,,
2154,情報通信・サービスその他,,
2156,情報通信・サービスその他,,
2157,情報通信・サービスその他,,
2158,情報通信・サービスその他,,
215A,情報通信・サービスその他,,
2160,医薬品,,
2162,情報通信・サービスその他,,
2163,情報通信・サービスその他,,
2164,情報通信・サービスその他,,
2168,情報通信・サービスその他,,
2169,情報通信・サービスその他,,
2170,情報通信・サービスその他,,
2173,情報通信・サービスその他,,
2175,情報通信・サービスその他,,
2179,情報通信・サービスその他,,
2180,情報通信・サービスその他,,
2181,情報通信・サービスその他,,
2183,情報通信・サービスその他,,
2185,情報通信・サービスその他,,
2186,情報通信・サービスその他,,
218A,電機・精密,,
2193,情報通信・サービスその他,,
2195,情報通信・サービスその他,,
2196,情報通信・サービスその他,,
2198,情報通信・サービスその他,,
219A,医薬品,,
2201,食品,,
2204,食品,,
2206,食品,,
2207,食品,,
2208,食品,,
2209,食品,,
220A,情報通信・サービスその他,,
2211,食品,,
2212,食品,,
2215,食品,,
2216,食品,,
2217,食品,,
2220,食品,,
2221,食品,,
2222,食品,,
2224,食品,,
2226,食品,,
2229,食品,,
2264,食品,,
2266,食品,,
2267,食品,,
2268,食品,,
2269,食品,,
2270,食品,,
2281,食品,,
2282,食品,,
2286,食品,,
2288,食品,,
228A,情報通信・サービスその他,,
2291,食品,,
2292,食品,,
2293,食品,,
2294,食品,,
2296,食品,,
2300,情報通信・サービスその他,,
2301,情報通信・サービスその他,,
2303,情報通信・サービスその他,,
2304,情報通信・サービスその他,,
2305,情報通信・サービスその他,,
2307,情報通信・サービスその他,,
2311,情報通信・サービスその他,,
2315,情報通信・サービスその他,,
2317,情報通信・サービスその他,,
2321,情報通信・サービスその他,,
2323,情報通信・サービスその他,,
2325,情報通信・サービスその他,,
2326,情報通信・サービスその他,,
2327,情報通信・サービスその他,,
2329,情報通信・サービスその他,,
2330,情報通信・サービスその他,,
2331,情報通信・サービスその他,,
2332,情報通信・サービスその他,,
2334,情報通信・サービスその他,,
2335,情報通信・サービスその他,,
2337,不動産,,
2338,情報通信・サービスその他,,
2340,情報通信・サービスその他,,
2341,情報通信・サービスその他,,
2342,情報通信・サービスその他,,
2344,情報通信・サービスその他,,
2345,情報通信・サービスその他,,
2349,情報通信・サービスその他,,
2351,情報通信・サービスその他,,
2353,不動産,,
2354,情報通信・サービスその他,,
2359,情報通信・サービスその他,,
2370,情報通信・サービスその他,,
2371,情報通信・サービスその他,,
2372,情報通信・サービスその他,,
2373,情報通信・サービスその他,,
2374,情報通信・サービスその他,,
2375,情報通信・サービスその他,,
2376,情報通信・サービスその他,,
2378,情報通信・サービスその他,,
2379,情報通信・サービスその他,,
2384,運輸・物流,,
2385,情報通信・サービスその他,,
2388,金融（除く銀行）,,
2389,情報通信・サービスその他,,
2391,情報通信・サービスその他,,
2393,情報通信・サービスその他,,
2395,情報通信・サービスその他,,
2397,情報通信・サービスその他,,
2404,情報通信・サービスその他,,
2408,情報通信・サービスその他,,
2410,情報通信・サービスその他,,
2411,情報通信・サービスその他,,
2413,情報通信・サービスその他,,
2415,情報通信・サービスその他,,
2418,情報通信・サービスその他,,
241A,情報通信・サービスその他,,
2424,情報通信・サービスその他,,
2425,情報通信・サービスその他,,
2428,情報通信・サービスその他,,
2429,情報通信・サービスその他,,
2432,情報通信・サービスその他,,
2433,情報通信・サービスその他,,
2435,情報通信・サービスその他,,
2436,情報通信・サービスその他,,
2437,情報通信・サービスその他,,
2438,情報通信・サービスその他,,
2440,情報通信・サービスその他,,
2445,情報通信・サービスその他,,
2449,情報通信・サービスその他,,
244A,情報通信・サービスその他,,
2454,情報通信・サービスその他,,
2459,情報通信・サービスその他,,
245A,小売,,
2461,情報通信・サービスその他,,
2462,情報通信・サービスその他,,
2464,情報通信・サービスその他,,
2469,情報通信・サービスその他,,
246A,情報通信・サービスその他,,
2471,情報通信・サービスその他,,
2475,情報通信・サービスその他,,
2477,情報通信・サービスその他,,
2479,情報通信・サービスその他,,
247A,素材・化学,,
2480,情報通信・サービスその他,,
2481,情報通信・サービスその他,,
2483,情報通信・サービスその他,,
2484,情報通信・サービスその他,,
2485,情報通信・サービスその他,,
2487,情報通信・サービスその他,,
2488,情報通信・サービスその他,,
2489,情報通信・サービスその他,,
248A,情報通信・サービスその他,,
2491,情報通信・サービスその他,,
2492,情報通信・サービスその他,,
2493,情報通信・サービスその他,,
2497,情報通信・サービスその他,,
2498,情報通信・サービスその他,,
2499,情報通信・サービスその他,,
2501,食品,,
2502,食品,,
2503,食品,,
2531,食品,,
2533,食品,,
2540,食品,,
2573,食品,,
2579,食品,,
2585,食品,,
2586,食品,,
2587,食品,,
2588,食品,,
2590,食品,,
2593,食品,,
25935,食品,,
2594,食品,,
2597,食品,,
2599,食品,,
2602,食品,,
2607,食品,,
2612,食品,,
2613,食品,,
2652,小売,,
2653,小売,,
2654,小売,,
2656,小売,,
2659,小売,,
2664,小売,,
2666,小売,,
2667,商社・卸売,,
2668,商社・卸売,,
2669,小売,,
2670,小売,,
2673,小売,,
2674,小売,,
2676,商社・卸売,,
2678,小売,,
2681,小売,,
2683,小売,,
2685,小売,,
2686,小売,,
2687,小売,,
2689,商社・卸売,,
2692,商社・卸売,,
2693,商社・卸売,,
2694,小売,,
2695,小売,,
2698,小売,,
2700,商社・卸売,,
2702,小売,,
2705,小売,,
2708,商社・卸売,,
2715,商社・卸売,,
2721,商社・卸売,,
2722,小売,,
2726,小売,,
2730,小売,,
2733,商社・卸売,,
2734,小売,,
2735,小売,,
2736,小売,,
2737,商社・卸売,,
2742,小売,,
2743,商社・卸売,,
2747,小売,,
2749,情報通信・サービスその他,,
2750,商社・卸売,,
2751,商社・卸売,,
2752,小売,,
2753,小売,,
2754,小売,,
2760,商社・卸売,,
2762,小売,,
2763,商社・卸売,,
2764,小売,,
2767,商社・卸売,,
2768,商社・卸売,,
2769,小売,,
2776,商社・卸売,,
2778,小売,,
2780,小売,,
2782,小売,,
2784,商社・卸売,,
2788,商社・卸売,,
2789,小売,,
2790,小売,,
2791,小売,,
2792,小売,,
2795,商社・卸売,,
2796,小売,,
2798,小売,,
2801,食品,,
2802,食品,,
2804,食品,,
2805,食品,,
2806,食品,,
2809,食品,,
2810,食品,,
2811,食品,,
2813,食品,,
2814,食品,,
2815,食品,,
2816,食品,,
2818,食品,,
2819,食品,,
2820,食品,,
2830,食品,,
2831,食品,,
2871,食品,,
2872,食品,,
2874,商社・卸売,,
2875,食品,,
2876,食品,,
2877,食品,,
2882,食品,,
2883,食品,,
2884,食品,,
2892,食品,,
2894,食品,,
2897,食品,,
2901,食品,,
2903,食品,,
2904,食品,,
2907,食品,,
2908,食品,,
2910,食品,,
2911,食品,,
2914,食品,,
2915,食品,,
2916,食品,,
2917,食品,,
2918,食品,,
2922,食品,,
2923,食品,,
2924,食品,,
2926,食品,,
2927,食品,,
2929,食品,,
2930,素材・化学,,
2931,食品,,
2932,食品,,
2933,食品,,
2934,食品,,
2935,食品,,
2936,食品,,
2937,食品,,
2938,食品,,
2961,建設・資材,,
2962,建設・資材,,
2970,不動産,,
2971,-,,
2972,-,,
2975,不動産,,
2978,不動産,,
2979,-,,
2980,不動産,,
2981,不動産,,
2982,不動産,,
2983,不動産,,
2984,不動産,,
2986,不動産,,
2989,-,,
2991,不動産,,
2993,不動産,,
2997,不動産,,
2998,不動産,,
2999,不動産,,
3001,素材・化学,,
3002,素材・化学,,
3003,不動産,,
3004,商社・卸売,,
3010,情報通信・サービスその他,,
3011,小売,,
3020,小売,,
3021,情報通信・サービスその他,,
3023,商社・卸売,,
3024,商社・卸売,,
3028,小売,,
3030,小売,,
3031,情報通信・サービスその他,,
3034,小売,,
3035,商社・卸売,,
3036,商社・卸売,,
3038,商社・卸売,,
3040,情報通信・サービスその他,,
3041,商社・卸売,,
3042,情報通信・サービスその他,,
3045,商社・卸売,,
3046,小売,,
3048,小売,,
3050,小売,,
3053,小売,,
3054,商社・卸売,,
3058,小売,,
3059,小売,,
3063,小売,,
3064,小売,,
3065,小売,,
3067,小売,,
3068,小売,,
3069,小売,,
3070,商社・卸売,,
3071,小売,,
3073,小売,,
3075,小売,,
3076,商社・卸売,,
3077,小売,,
3079,商社・卸売,,
3080,小売,,
3082,小売,,
3083,小売,,
3086,小売,,
3087,小売,,
3088,小売,,
3089,商社・卸売,,
3091,小売,,
3092,小売,,
3093,小売,,
3094,小売,,
3096,小売,,
3097,小売,,
3099,小売,,
3101,素材・化学,,
3103,素材・化学,,
3104,素材・化学,,
3105,電機・精密,,
3106,素材・化学,,
3107,商社・卸売,,
3109,素材・化学,,
3110,建設・資材,,
3111,素材・化学,,
3113,金融（除く銀行）,,
3116,自動車・輸送機,,
3121,情報通信・サービスその他,,
3123,素材・化学,,
3131,商社・卸売,,
3132,商社・卸売,,
3133,小売,,
3134,小売,,
3135,小売,,
3137,小売,,
3138,小売,,
3139,商社・卸売,,
3140,商社・卸売,,
3141,小売,,
3143,商社・卸売,,
3148,小売,,
3150,商社・卸売,,
3151,商社・卸売,,
3153,商社・卸売,,
3154,商社・卸売,,
3156,商社・卸売,,
3157,商社・卸売,,
3159,小売,,
3160,商社・卸売,,
3161,商社・卸売,,
3166,商社・卸売,,
3167,商社・卸売,,
3168,商社・卸売,,
3169,小売,,
3172,小売,,
3173,商社・卸売,,
3174,小売,,
3175,小売,,
3176,商社・卸売,,
3177,小売,,
3178,小売,,
3179,小売,,
3180,商社・卸売,,
3181,小売,,
3182,小売,,
3183,商社・卸売,,
3184,小売,,
3185,小売,,
3186,小売,,
3187,小売,,
3189,小売,,
3190,小売,,
3191,小売,,
3192,小売,,
3193,小売,,
3195,小売,,
3196,小売,,
3197,小売,,
3198,小売,,
3199,小売,,
3201,素材・化学,,
3202,素材・化学,,
3204,素材・化学,,
3205,素材・化学,,
3221,小売,,
3222,小売,,
3223,小売,,
3224,小売,,
3226,-,,
3231,不動産,,
3232,不動産,,
3234,-,,
3236,不動産,,
3237,不動産,,
3238,不動産,,
3241,不動産,,
3242,不動産,,
3245,不動産,,
3246,不動産,,
3248,不動産,,
3249,-,,
3252,不動産,,
3254,不動産,,
3261,不動産,,
3264,不動産,,
3266,不動産,,
3267,建設・資材,,
3269,-,,
3271,不動産,,
3275,不動産,,
3276,不動産,,
3277,不動産,,
3279,-,,
3280,不動産,,
3281,-,,
3282,-,,
3283,-,,
3284,不動産,,
3286,不動産,,
3287,-,,
3288,不動産,,
3289,不動産,,
3290,-,,
3291,不動産,,
3292,-,,
3293,不動産,,
3294,不動産,,
3295,-,,
3296,-,,
3297,不動産,,
3299,不動産,,
3300,不動産,,
3302,素材・化学,,
3306,商社・卸売,,
3309,-,,
3315,エネルギー資源,,
3317,小売,,
3319,小売,,
3320,商社・卸売,,
3321,商社・卸売,,
3322,商社・卸売,,
3323,商社・卸売,,
3326,情報通信・サービスその他,,
3328,小売,,
3329,小売,,
3333,小売,,
3341,小売,,
3347,小売,,
3349,小売,,
3350,商社・卸売,,
3352,小売,,
3353,小売,,
3355,商社・卸売,,
3358,小売,,
3359,商社・卸売,,
3360,商社・卸売,,
3361,小売,,
3370,小売,,
3371,情報通信・サービスその他,,
3372,小売,,
3374,商社・卸売,,
3375,小売,,
3377,商社・卸売,,
3382,小売,,
3386,商社・卸売,,
3387,小売,,
3388,商社・卸売,,
3391,小売,,
3392,商社・卸売,,
3393,商社・卸売,,
3395,小売,,
3396,小売,,
3397,小売,,
3399,小売,,
3401,素材・化学,,
3402,素材・化学,,
3405,素材・化学,,
3407,素材・化学,,
3409,素材・化学,,
3415,小売,,
3416,小売,,
3417,商社・卸売,,
3418,小売,,
3420,建設・資材,,
3421,建設・資材,,
3422,建設・資材,,
3423,建設・資材,,
3426,建設・資材,,
3431,建設・資材,,
3433,建設・資材,,
3434,建設・資材,,
3435,建設・資材,,
3436,建設・資材,,
3437,建設・資材,,
3439,建設・資材,,
3440,建設・資材,,
3441,建設・資材,,
3443,建設・資材,,
3444,建設・資材,,
3445,建設・資材,,
3446,建設・資材,,
3447,建設・資材,,
3449,建設・資材,,
3451,-,,
3452,不動産,,
3454,不動産,,
3455,-,,
3457,不動産,,
3458,不動産,,
3459,-,,
3461,不動産,,
3462,-,,
3463,-,,
3465,不動産,,
3466,-,,
3467,不動産,,
3468,-,,
3469,不動産,,
3470,-,,
3471,-,,
3472,-,,
3474,不動産,,
3475,不動産,,
3476,-,,
3477,不動産,,
3479,不動産,,
3480,不動産,,
3481,-,,
3482,不動産,,
3484,不動産,,
3486,不動産,,
3487,-,,
3488,-,,
3489,不動産,,
3490,不動産,,
3491,不動産,,
3492,-,,
3493,-,,
3494,不動産,,
3495,不動産,,
3496,不動産,,
3497,不動産,,
3498,不動産,,
3501,素材・化学,,
3512,素材・化学,,
3513,素材・化学,,
3521,情報通信・サービスその他,,
3524,素材・化学,,
3526,自動車・輸送機,,
3529,素材・化学,,
3536,小売,,
3537,商社・卸売,,
3538,小売,,
3539,小売,,
3540,商社・卸売,,
3541,商社・卸売,,
3542,小売,,
3543,商社・卸売,,
3544,小売,,
3546,小売,,
3547,小売,,
3548,小売,,
3549,小売,,
3550,小売,,
3551,素材・化学,,
3553,素材・化学,,
3556,小売,,
3557,小売,,
3558,小売,,
3559,商社・卸売,,
3560,小売,,
3561,小売,,
3562,商社・卸売,,
3563,小売,,
3565,商社・卸売,,
3566,小売,,
3569,素材・化学,,
3571,素材・化学,,
3577,素材・化学,,
3580,素材・化学,,
3583,素材・化学,,
3591,素材・化学,,
3593,素材・化学,,
3597,素材・化学,,
3598,素材・化学,,
3600,素材・化学,,
3604,素材・化学,,
3607,素材・化学,,
3608,素材・化学,,
3611,素材・化学,,
3612,素材・化学,,
3622,情報通信・サービスその他,,
3623,情報通信・サービスその他,,
3624,情報通信・サービスその他,,
3625,情報通信・サービスその他,,
3626,情報通信・サービスその他,,
3627,情報通信・サービスその他,,
3628,情報通信・サービスその他,,
3632,情報通信・サービスその他,,
3633,情報通信・サービスその他,,
3634,情報通信・サービスその他,,
3635,情報通信・サービスその他,,
3636,情報通信・サービスその他,,
3639,情報通信・サービスその他,,
3640,情報通信・サービスその他,,
3641,情報通信・サービスその他,,
3645,情報通信・サービスその他,,
3646,情報通信・サービスその他,,
3647,情報通信・サービスその他,,
3648,情報通信・サービスその他,,
3649,情報通信・サービスその他,,
3652,情報通信・サービスその他,,
3653,情報通信・サービスその他,,
3655,情報通信・サービスその他,,
3656,情報通信・サービスその他,,
3657,情報通信・サービスその他,,
3659,情報通信・サービスその他,,
3660,情報通信・サービスその他,,
3661,情報通信・サービスその他,,
3662,情報通信・サービスその他,,
3663,情報通信・サービスその他,,
3664,情報通信・サービスその他,,
3665,情報通信・サービスその他,,
3666,情報通信・サービスその他,,
3667,情報通信・サービスその他,,
3668,情報通信・サービスその他,,
3670,情報通信・サービスその他,,
3671,情報通信・サービスその他,,
3672,情報通信・サービスその他,,
3673,情報通信・サービスその他,,
3674,情報通信・サービスその他,,
3675,情報通信・サービスその他,,
3676,情報通信・サービスその他,,
3678,情報通信・サービスその他,,
3679,情報通信・サービスその他,,
3680,情報通信・サービスその他,,
3681,情報通信・サービスその他,,
3682,情報通信・サービスその他,,
3683,情報通信・サービスその他,,
3686,情報通信・サービスその他,,
3687,情報通信・サービスその他,,
3688,情報通信・サービスその他,,
3690,情報通信・サービスその他,,
3691,情報通信・サービスその他,,
3692,情報通信・サービスその他,,
3694,情報通信・サービスその他,,
3695,情報通信・サービスその他,,
3696,情報通信・サービスその他,,
3697,情報通信・サービスその他,,
3698,情報通信・サービスその他,,
3708,素材・化学,,
3710,情報通信・サービスその他,,
3712,情報通信・サービスその他,,
3719,情報通信・サービスその他,,
3723,情報通信・サービスその他,,
3726,小売,,
3727,情報通信・サービスその他,,
3733,情報通信・サービスその他,,
3738,情報通信・サービスその他,,
3741,情報通信・サービスその他,,
3744,情報通信・サービスその他,,
3747,情報通信・サービスその他,,
3750,情報通信・サービスその他,,
3753,情報通信・サービスその他,,
3758,情報通信・サービスその他,,
3760,情報通信・サービスその他,,
3762,情報通信・サービスその他,,
3763,情報通信・サービスその他,,
3765,情報通信・サービスその他,,
3766,情報通信・サービスその他,,
3768,情報通信・サービスその他,,
3769,情報通信・サービスその他,,
3770,情報通信・サービスその他,,
3771,情報通信・サービスその他,,
3772,不動産,,
3773,情報通信・サービスその他,,
3774,情報通信・サービスその他,,
3776,情報通信・サービスその他,,
3777,情報通信・サービスその他,,
3778,情報通信・サービスその他,,
3779,情報通信・サービスその他,,
3787,情報通信・サービスその他,,
3788,情報通信・サービスその他,,
3791,情報通信・サービスその他,,
3793,情報通信・サービスその他,,
3796,情報通信・サービスその他,,
3798,情報通信・サービスその他,,
3799,情報通信・サービスその他,,
3800,情報通信・サービスその他,,
3802,情報通信・サービスその他,,
3803,情報通信・サービスその他,,
3804,情報通信・サービスその他,,
3807,情報通信・サービスその他,,
3810,情報通信・サービスその他,,
3814,情報通信・サービスその他,,
3815,情報通信・サービスその他,,
3816,情報通信・サービスその他,,
3817,情報通信・サービスその他,,
3823,情報通信・サービスその他,,
3825,小売,,
3826,情報通信・サービスその他,,
3834,情報通信・サービスその他,,
3835,情報通信・サービスその他,,
3836,情報通信・サービスその他,,
3837,情報通信・サービスその他,,
3839,情報通信・サービスその他,,
3840,情報通信・サービスその他,,
3841,情報通信・サービスその他,,
3842,情報通信・サービスその他,,
3843,情報通信・サービスその他,,
3844,情報通信・サービスその他,,
3845,情報通信・サービスその他,,
3847,情報通信・サービスその他,,
3848,情報通信・サービスその他,,
3850,情報通信・サービスその他,,
3851,情報通信・サービスその他,,
3853,情報通信・サービスその他,,
3854,情報通信・サービスその他,,
3856,電機・精密,,
3857,情報通信・サービスその他,,
3858,情報通信・サービスその他,,
3861,素材・化学,,
3863,素材・化学,,
3864,素材・化学,,
3865,素材・化学,,
3877,素材・化学,,
3878,素材・化学,,
3880,素材・化学,,
3891,素材・化学,,
3892,素材・化学,,
3895,素材・化学,,
3896,素材・化学,,
3900,情報通信・サービスその他,,
3901,情報通信・サービスその他,,
3902,情報通信・サービスその他,,
3903,情報通信・サービスその他,,
3904,情報通信・サービスその他,,
3905,情報通信・サービスその他,,
3907,情報通信・サービスその他,,
3908,情報通信・サービスその他,,
3909,情報通信・サービスその他,,
3910,情報通信・サービスその他,,
3911,情報通信・サービスその他,,
3912,情報通信・サービスその他,,
3913,情報通信・サービスその他,,
3914,情報通信・サービスその他,,
3915,情報通信・サービスその他,,
3916,情報通信・サービスその他,,
3917,情報通信・サービスその他,,
3918,情報通信・サービスその他,,
3920,情報通信・サービスその他,,
3921,情報通信・サービスその他,,
3922,情報通信・サービスその他,,
3923,情報通信・サービスその他,,
3924,情報通信・サービスその他,,
3925,情報通信・サービスその他,,
3926,情報通信・サービスその他,,
3927,情報通信・サービスその他,,
3928,情報通信・サービスその他,,
3929,情報通信・サービスその他,,
3930,情報通信・サービスその他,,
3931,情報通信・サービスその他,,
3932,情報通信・サービスその他,,
3933,情報通信・サービスその他,,
3934,情報通信・サービスその他,,
3935,情報通信・サービスその他,,
3936,情報通信・サービスその他,,
3937,情報通信・サービスその他,,
3939,情報通信・サービスその他,,
3940,情報通信・サービスその他,,
3941,素材・化学,,
3943,素材・化学,,
3944,素材・化学,,
3945,素材・化学,,
3946,素材・化学,,
3947,素材・化学,,
3948,素材・化学,,
3950,素材・化学,,
3951,素材・化学,,
3953,素材・化学,,
3954,素材・化学,,
3955,素材・化学,,
3958,素材・化学,,
3961,情報通信・サービスその他,,
3962,情報通信・サービスその他,,
3963,情報通信・サービスその他,,
3964,情報通信・サービスその他,,
3965,情報通信・サービスその他,,
3967,情報通信・サービスその他,,
3968,情報通信・サービスその他,,
3969,情報通信・サービスその他,,
3970,情報通信・サービスその他,,
3974,情報通信・サービスその他,,
3976,情報通信・サービスその他,,
3978,情報通信・サービスその他,,
3979,情報通信・サービスその他,,
3981,情報通信・サービスその他,,
3983,情報通信・サービスその他,,
3984,情報通信・サービスその他,,
3985,情報通信・サービスその他,,
3986,情報通信・サービスその他,,
3987,情報通信・サービスその他,,
3988,情報通信・サービスその他,,
3989,情報通信・サービスその他,,
3990,情報通信・サービスその他,,
3991,情報通信・サービスその他,,
3992,情報通信・サービスその他,,
3993,情報通信・サービスその他,,
3994,情報通信・サービスその他,,
3996,情報通信・サービスその他,,
3997,情報通信・サービスその他,,
3998,情報通信・サービスその他,,
4004,素材・化学,,
4005,素材・化学,,
4008,素材・化学,,
4011,情報通信・サービスその他,,
4012,情報通信・サービスその他,,
4013,情報通信・サービスその他,,
4014,情報通信・サービスその他,,
4015,情報通信・サービスその他,,
4016,情報通信・サービスその他,,
4017,情報通信・サービスその他,,
4019,情報通信・サービスその他,,
4020,情報通信・サービスその他,,
4021,素材・化学,,
4022,素材・化学,,
4023,素材・化学,,
4025,素材・化学,,
4026,建設・資材,,
4027,素材・化学,,
4028,素材・化学,,
4031,素材・化学,,
4040,素材・化学,,
4041,素材・化学,,
4042,素材・化学,,
4043,素材・化学,,
4044,素材・化学,,
4045,素材・化学,,
4046,素材・化学,,
4047,素材・化学,,
4051,情報通信・サービスその他,,
4052,情報通信・サービスその他,,
4053,情報通信・サービスその他,,
4054,情報通信・サービスその他,,
4055,情報通信・サービスその他,,
4056,情報通信・サービスその他,,
4057,情報通信・サービスその他,,
4058,情報通信・サービスその他,,
4059,情報通信・サービスその他,,
4060,情報通信・サービスその他,,
4061,素材・化学,,
4062,電機・精密,,
4063,素材・化学,,
4064,素材・化学,,
4068,情報通信・サービスその他,,
4069,情報通信・サービスその他,,
4071,情報通信・サービスその他,,
4072,情報通信・サービスその他,,
4073,情報通信・サービスその他,,
4074,情報通信・サービスその他,,
4075,情報通信・サービスその他,,
4076,情報通信・サービスその他,,
4078,素材・化学,,
4080,素材・化学,,
4082,素材・化学,,
4088,素材・化学,,
4091,素材・化学,,
4092,素材・化学,,
4093,素材・化学,,
4094,素材・化学,,
4095,素材・化学,,
4097,素材・化学,,
4098,素材・化学,,
4099,素材・化学,,
4100,素材・化学,,
4102,素材・化学,,
4107,素材・化学,,
4109,素材・化学,,
4112,素材・化学,,
4113,素材・化学,,
4114,素材・化学,,
4116,素材・化学,,
4118,素材・化学,,
4119,素材・化学,,
4120,素材・化学,,
4124,素材・化学,,
4125,素材・化学,,
4151,医薬品,,
4165,情報通信・サービスその他,,
4166,情報通信・サービスその他,,
4167,情報通信・サービスその他,,
4168,情報通信・サービスその他,,
4169,情報通信・サービスその他,,
4170,情報通信・サービスその他,,
4171,情報通信・サービスその他,,
4172,情報通信・サービスその他,,
4173,情報通信・サービスその他,,
4174,情報通信・サービスその他,,
4175,情報通信・サービスその他,,
4176,情報通信・サービスその他,,
4177,情報通信・サービスその他,,
4178,情報通信・サービスその他,,
4179,情報通信・サービスその他,,
4180,情報通信・サービスその他,,
4182,素材・化学,,
4183,素材・化学,,
4186,素材・化学,,
4187,素材・化学,,
4188,素材・化学,,
4189,素材・化学,,
4192,情報通信・サービスその他,,
4193,情報通信・サービスその他,,
4194,情報通信・サービスその他,,
4196,情報通信・サービスその他,,
4197,情報通信・サービスその他,,
4198,情報通信・サービスその他,,
4199,情報通信・サービスその他,,
4202,素材・化学,,
4203,素材・化学,,
4204,素材・化学,,
4205,素材・化学,,
4206,素材・化学,,
4208,素材・化学,,
4212,素材・化学,,
4215,素材・化学,,
4216,素材・化学,,
4218,素材・化学,,
4220,素材・化学,,
4221,素材・化学,,
4222,素材・化学,,
4224,素材・化学,,
4228,素材・化学,,
4229,素材・化学,,
4231,素材・化学,,
4234,素材・化学,,
4235,素材・化学,,
4237,素材・化学,,
4238,素材・化学,,
4240,素材・化学,,
4241,素材・化学,,
4242,素材・化学,,
4243,素材・化学,,
4245,素材・化学,,
4246,素材・化学,,
4247,素材・化学,,
4248,素材・化学,,
4249,素材・化学,,
4251,素材・化学,,
4255,情報通信・サービスその他,,
4256,情報通信・サービスその他,,
4258,情報通信・サービスその他,,
4259,情報通信・サービスその他,,
4260,情報通信・サービスその他,,
4261,情報通信・サービスその他,,
4262,情報通信・サービスその他,,
4263,情報通信・サービスその他,,
4264,情報通信・サービスその他,,
4265,情報通信・サービスその他,,
4267,情報通信・サービスその他,,
4268,情報通信・サービスその他,,
4270,情報通信・サービスその他,,
4272,素材・化学,,
4274,素材・化学,,
4275,素材・化学,,
4284,情報通信・サービスその他,,
4286,情報通信・サービスその他,,
4287,情報通信・サービスその他,,
4288,情報通信・サービスその他,,
4290,情報通信・サービスその他,,
4293,情報通信・サービスその他,,
4295,情報通信・サービスその他,,
4298,情報通信・サービスその他,,
4299,情報通信・サービスその他,,
4301,情報通信・サービスその他,,
4304,情報通信・サービスその他,,
4307,情報通信・サービスその他,,
4308,情報通信・サービスその他,,
4310,情報通信・サービスその他,,
4316,情報通信・サービスその他,,
4317,情報通信・サービスその他,,
4318,情報通信・サービスその他,,
4319,情報通信・サービスその他,,
4320,情報通信・サービスその他,,
4323,情報通信・サービスその他,,
4324,情報通信・サービスその他,,
4326,情報通信・サービスその他,,
4331,情報通信・サービスその他,,
4333,情報通信・サービスその他,,
4334,情報通信・サービスその他,,
4335,情報通信・サービスその他,,
4337,情報通信・サービスその他,,
4341,情報通信・サービスその他,,
4343,情報通信・サービスその他,,
4344,情報通信・サービスその他,,
4345,情報通信・サービスその他,,
4346,金融（除く銀行）,,
4347,情報通信・サービスその他,,
4348,情報通信・サービスその他,,
4350,小売,,
4351,金融（除く銀行）,,
4356,情報通信・サービスその他,,
4360,素材・化学,,
4361,素材・化学,,
4362,素材・化学,,
4365,素材・化学,,
4366,素材・化学,,
4367,素材・化学,,
4368,素材・化学,,
4369,素材・化学,,
4370,情報通信・サービスその他,,
4371,情報通信・サービスその他,,
4372,情報通信・サービスその他,,
4373,情報通信・サービスその他,,
4374,情報通信・サービスその他,,
4375,情報通信・サービスその他,,
4376,情報通信・サービスその他,,
4377,情報通信・サービスその他,,
4378,情報通信・サービスその他,,
4379,情報通信・サービスその他,,
4380,情報通信・サービスその他,,
4381,情報通信・サービスその他,,
4382,情報通信・サービスその他,,
4384,情報通信・サービスその他,,
4385,情報通信・サービスその他,,
4386,情報通信・サービスその他,,
4387,情報通信・サービスその他,,
4388,情報通信・サービスその他,,
4389,情報通信・サービスその他,,
4390,情報通信・サービスその他,,
4391,情報通信・サービスその他,,
4392,情報通信・サービスその他,,
4393,情報通信・サービスその他,,
4394,情報通信・サービスその他,,
4395,情報通信・サービスその他,,
4396,情報通信・サービスその他,,
4397,情報通信・サービスその他,,
4398,情報通信・サービスその他,,
4401,素材・化学,,
4403,素材・化学,,
4404,食品,,
4406,素材・化学,,
4409,素材・化学,,
4410,素材・化学,,
4412,情報通信・サービスその他,,
4413,情報通信・サービスその他,,
4414,情報通信・サービスその他,,
4415,情報通信・サービスその他,,
4416,情報通信・サービスその他,,
4417,情報通信・サービスその他,,
4418,情報通信・サービスその他,,
4419,情報通信・サービスその他,,
4420,情報通信・サービスその他,,
4421,情報通信・サービスその他,,
4422,情報通信・サービスその他,,
4424,情報通信・サービスその他,,
4425,情報通信・サービスその他,,
4427,情報通信・サービスその他,,
4428,情報通信・サービスその他,,
4429,情報通信・サービスその他,,
4430,情報通信・サービスその他,,
4431,情報通信・サービスその他,,
4432,情報通信・サービスその他,,
4433,情報通信・サービスその他,,
4434,情報通信・サービスその他,,
4435,情報通信・サービスその他,,
4436,情報通信・サービスその他,,
4437,情報通信・サービスその他,,
4438,情報通信・サービスその他,,
4439,情報通信・サービスその他,,
4440,情報通信・サービスその他,,
4441,情報通信・サービスその他,,
4442,情報通信・サービスその他,,
4443,情報通信・サービスその他,,
4444,情報通信・サービスその他,,
4445,情報通信・サービスその他,,
4446,情報通信・サービスその他,,
4447,情報通信・サービスその他,,
4448,情報通信・サービスその他,,
4449,情報通信・サービスその他,,
4450,情報通信・サービスその他,,
4452,素材・化学,,
4461,素材・化学,,
4462,素材・化学,,
4463,素材・化学,,
4464,素材・化学,,
4465,素材・化学,,
4471,素材・化学,,
4475,情報通信・サービスその他,,
4476,情報通信・サービスその他,,
4477,情報通信・サービスその他,,
4478,情報通信・サービスその他,,
4479,情報通信・サービスその他,,
4480,情報通信・サービスその他,,
4481,情報通信・サービスその他,,
4482,情報通信・サービスその他,,
4483,情報通信・サービスその他,,
4484,情報通信・サービスその他,,
4485,情報通信・サービスその他,,
4486,情報通信・サービスその他,,
4487,情報通信・サービスその他,,
4488,情報通信・サービスその他,,
4490,情報通信・サービスその他,,
4491,情報通信・サービスその他,,
4492,情報通信・サービスその他,,
4493,情報通信・サービスその他,,
4494,情報通信・サービスその他,,
4495,情報通信・サービスその他,,
4496,情報通信・サービスその他,,
4498,情報通信・サービスその他,,
4499,情報通信・サービスその他,,
4502,医薬品,,
4503,医薬品,,
4506,医薬品,,
4507,医薬品,,
4512,医薬品,,
4516,医薬品,,
4519,医薬品,,
4521,医薬品,,
4523,医薬品,,
4524,医薬品,,
4526,食品,,
4527,医薬品,,
4528,医薬品,,
4530,医薬品,,
4531,素材・化学,,
4534,医薬品,,
4536,医薬品,,
4538,医薬品,,
4539,医薬品,,
4540,医薬品,,
4543,電機・精密,,
4544,情報通信・サービスその他,,
4547,医薬品,,
4548,医薬品,,
4549,医薬品,,
4551,医薬品,,
4552,医薬品,,
4553,医薬品,,
4554,医薬品,,
4556,医薬品,,
4558,医薬品,,
4559,医薬品,,
4563,医薬品,,
4564,医薬品,,
4565,医薬品,,
4568,医薬品,,
4569,医薬品,,
4570,医薬品,,
4571,医薬品,,
4572,医薬品,,
4574,医薬品,,
4575,医薬品,,
4576,医薬品,,
4577,医薬品,,
4578,医薬品,,
4579,医薬品,,
4582,医薬品,,
4583,医薬品,,
4584,医薬品,,
4586,医薬品,,
4587,医薬品,,
4588,医薬品,,
4591,医薬品,,
4592,医薬品,,
4593,医薬品,,
4594,医薬品,,
4595,医薬品,,
4596,医薬品,,
4597,医薬品,,
4598,医薬品,,
4599,医薬品,,
4611,素材・化学,,
4612,素材・化学,,
4613,素材・化学,,
4615,素材・化学,,
4616,素材・化学,,
4617,素材・化学,,
4619,素材・化学,,
4620,素材・化学,,
4623,素材・化学,,
4624,素材・化学,,
4625,素材・化学,,
4626,素材・化学,,
4627,素材・化学,,
4628,素材・化学,,
4629,素材・化学,,
4631,素材・化学,,
4633,素材・化学,,
4634,素材・化学,,
4635,素材・化学,,
4641,情報通信・サービスその他,,
4642,情報通信・サービスその他,,
4644,情報通信・サービスその他,,
4645,情報通信・サービスその他,,
4650,情報通信・サービスその他,,
4651,情報通信・サービスその他,,
4657,情報通信・サービスその他,,
4658,情報通信・サービスその他,,
4659,情報通信・サービスその他,,
4661,情報通信・サービスその他,,
4662,情報通信・サービスその他,,
4664,情報通信・サービスその他,,
4665,情報通信・サービスその他,,
4666,不動産,,
4667,情報通信・サービスその他,,
4668,情報通信・サービスその他,,
4671,情報通信・サービスその他,,
4673,情報通信・サービスその他,,
4674,情報通信・サービスその他,,
4676,情報通信・サービスその他,,
4678,情報通信・サービスその他,,
4679,情報通信・サービスその他,,
4680,情報通信・サービスその他,,
4681,情報通信・サービスその他,,
4684,情報通信・サービスその他,,
4685,情報通信・サービスその他,,
4686,情報通信・サービスその他,,
4687,情報通信・サービスその他,,
4689,情報通信・サービスその他,,
4690,情報通信・サービスその他,,
4691,情報通信・サービスその他,,
4694,情報通信・サービスその他,,
4704,情報通信・サービスその他,,
4705,情報通信・サービスその他,,
4707,情報通信・サービスその他,,
4709,情報通信・サービスその他,,
4712,情報通信・サービスその他,,
4714,情報通信・サービスその他,,
4716,情報通信・サービスその他,,
4718,情報通信・サービスその他,,
4719,情報通信・サービスその他,,
4720,情報通信・サービスその他,,
4722,情報通信・サービスその他,,
4725,情報通信・サービスその他,,
4728,情報通信・サービスその他,,
4732,情報通信・サービスその他,,
4733,情報通信・サービスその他,,
4735,情報通信・サービスその他,,
4736,情報通信・サービスその他,,
4743,情報通信・サービスその他,,
4745,情報通信・サービスその他,,
4746,情報通信・サービスその他,,
4750,情報通信・サービスその他,,
4751,情報通信・サービスその他,,
4752,情報通信・サービスその他,,
4754,情報通信・サービスその他,,
4755,情報通信・サービスその他,,
4760,情報通信・サービスその他,,
4761,情報通信・サービスその他,,
4762,情報通信・サービスその他,,
4763,情報通信・サービスその他,,
4765,情報通信・サービスその他,,
4766,情報通信・サービスその他,,
4767,情報通信・サービスその他,,
4768,情報通信・サービスその他,,
4769,情報通信・サービスその他,,
4771,情報通信・サービスその他,,
4772,情報通信・サービスその他,,
4776,情報通信・サービスその他,,
4777,情報通信・サービスその他,,
4783,情報通信・サービスその他,,
4784,情報通信・サービスその他,,
4792,情報通信・サービスその他,,
4800,情報通信・サービスその他,,
4801,情報通信・サービスその他,,
4809,不動産,,
4811,情報通信・サービスその他,,
4812,情報通信・サービスその他,,
4813,情報通信・サービスその他,,
4814,情報通信・サービスその他,,
4816,情報通信・サービスその他,,
4819,情報通信・サービスその他,,
4820,情報通信・サービスその他,,
4824,情報通信・サービスその他,,
4825,情報通信・サービスその他,,
4826,情報通信・サービスその他,,
4828,情報通信・サービスその他,,
4829,情報通信・サービスその他,,
4832,情報通信・サービスその他,,
4833,情報通信・サービスその他,,
4838,情報通信・サービスその他,,
4839,情報通信・サービスその他,,
4840,情報通信・サービスその他,,
4845,情報通信・サービスその他,,
4847,情報通信・サービスその他,,
4848,情報通信・サービスその他,,
4849,情報通信・サービスその他,,
4875,医薬品,,
4880,医薬品,,
4881,医薬品,,
4882,医薬品,,
4883,医薬品,,
4884,医薬品,,
4885,医薬品,,
4886,医薬品,,
4887,医薬品,,
4888,医薬品,,
4889,医薬品,,
4890,医薬品,,
4891,医薬品,,
4892,医薬品,,
4893,医薬品,,
4894,医薬品,,
4896,医薬品,,
4901,素材・化学,,
4902,電機・精密,,
4911,素材・化学,,
4912,素材・化学,,
4914,素材・化学,,
4917,素材・化学,,
4918,素材・化学,,
4919,素材・化学,,
4920,素材・化学,,
4921,素材・化学,,
4922,素材・化学,,
4923,素材・化学,,
4925,素材・化学,,
4926,素材・化学,,
4927,素材・化学,,
4928,素材・化学,,
4929,素材・化学,,
4931,素材・化学,,
4932,素材・化学,,
4933,素材・化学,,
4934,素材・化学,,
4935,素材・化学,,
4936,素材・化学,,
4937,素材・化学,,
4951,素材・化学,,
4955,素材・化学,,
4956,素材・化学,,
4957,素材・化学,,
4958,素材・化学,,
4960,素材・化学,,
4966,素材・化学,,
4967,素材・化学,,
4968,素材・化学,,
4970,素材・化学,,
4971,素材・化学,,
4972,素材・化学,,
4973,素材・化学,,
4974,素材・化学,,
4975,素材・化学,,
4976,素材・化学,,
4977,素材・化学,,
4978,素材・化学,,
4979,素材・化学,,
4980,素材・化学,,
4985,素材・化学,,
4990,素材・化学,,
4992,素材・化学,,
4994,素材・化学,,
4996,素材・化学,,
4997,素材・化学,,
4998,素材・化学,,
5009,商社・卸売,,
5010,エネルギー資源,,
5011,エネルギー資源,,
5013,エネルギー資源,,
5015,エネルギー資源,,
5017,エネルギー資源,,
5018,エネルギー資源,,
5019,エネルギー資源,,
5020,エネルギー資源,,
5021,エネルギー資源,,
5025,情報通信・サービスその他,,
5026,情報通信・サービスその他,,
5027,情報通信・サービスその他,,
5028,情報通信・サービスその他,,
5029,情報通信・サービスその他,,
5031,情報通信・サービスその他,,
5032,情報通信・サービスその他,,
5033,情報通信・サービスその他,,
5034,情報通信・サービスその他,,
5035,情報通信・サービスその他,,
5036,情報通信・サービスその他,,
5038,情報通信・サービスその他,,
5070,建設・資材,,
5071,建設・資材,,
5074,建設・資材,,
5076,建設・資材,,
50765,建設・資材,,
5078,建設・資材,,
5079,建設・資材,,
5101,自動車・輸送機,,
5103,自動車・輸送機,,
5105,自動車・輸送機,,
5108,自動車・輸送機,,
5110,自動車・輸送機,,
5121,自動車・輸送機,,
5122,自動車・輸送機,,
5125,情報通信・サービスその他,,
5126,情報通信・サービスその他,,
5129,情報通信・サービスその他,,
5131,情報通信・サービスその他,,
5132,情報通信・サービスその他,,
5133,情報通信・サービスその他,,
5134,情報通信・サービスその他,,
5136,情報通信・サービスその他,,
5137,情報通信・サービスその他,,
5138,情報通信・サービスその他,,
5139,情報通信・サービスその他,,
5142,素材・化学,,
5161,自動車・輸送機,,
5162,自動車・輸送機,,
5184,自動車・輸送機,,
5185,自動車・輸送機,,
5186,自動車・輸送機,,
5187,電機・精密,,
5189,自動車・輸送機,,
5191,自動車・輸送機,,
5192,自動車・輸送機,,
5194,自動車・輸送機,,
5195,自動車・輸送機,,
5199,自動車・輸送機,,
5201,建設・資材,,
5202,建設・資材,,
5204,建設・資材,,
5208,素材・化学,,
5210,建設・資材,,
5214,建設・資材,,
5216,建設・資材,,
5218,建設・資材,,
5232,建設・資材,,
5233,建設・資材,,
5237,建設・資材,,
5240,情報通信・サービスその他,,
5242,情報通信・サービスその他,,
5243,情報通信・サービスその他,,
5244,情報通信・サービスその他,,
5246,情報通信・サービスその他,,
5247,情報通信・サービスその他,,
5248,情報通信・サービスその他,,
5250,情報通信・サービスその他,,
5252,情報通信・サービスその他,,
5253,情報通信・サービスその他,,
5254,情報通信・サービスその他,,
5255,情報通信・サービスその他,,
5256,情報通信・サービスその他,,
5257,情報通信・サービスその他,,
5258,情報通信・サービスその他,,
5259,情報通信・サービスその他,,
5261,情報通信・サービスその他,,
5262,建設・資材,,
5268,建設・資材,,
5269,建設・資材,,
5271,建設・資材,,
5273,建設・資材,,
5277,建設・資材,,
5279,建設・資材,,
5280,不動産,,
5282,建設・資材,,
5283,商社・卸売,,
5284,建設・資材,,
5285,建設・資材,,
5287,建設・資材,,
5288,建設・資材,,
5290,建設・資材,,
5301,建設・資材,,
5302,建設・資材,,
5304,建設・資材,,
5310,建設・資材,,
5331,建設・資材,,
5332,建設・資材,,
5333,建設・資材,,
5334,建設・資材,,
5337,建設・資材,,
5341,建設・資材,,
5344,建設・資材,,
5351,建設・資材,,
5352,建設・資材,,
5355,建設・資材,,
5356,建設・資材,,
5357,建設・資材,,
5363,建設・資材,,
5367,建設・資材,,
5368,建設・資材,,
5380,建設・資材,,
5381,建設・資材,,
5384,建設・資材,,
5386,建設・資材,,
5388,建設・資材,,
5391,建設・資材,,
5393,建設・資材,,
5395,建設・資材,,
5401,鉄鋼・非鉄,,
5406,鉄鋼・非鉄,,
5408,鉄鋼・非鉄,,
5410,鉄鋼・非鉄,,
5411,鉄鋼・非鉄,,
5423,鉄鋼・非鉄,,
5440,鉄鋼・非鉄,,
5444,鉄鋼・非鉄,,
5445,鉄鋼・非鉄,,
5446,鉄鋼・非鉄,,
5449,鉄鋼・非鉄,,
5451,鉄鋼・非鉄,,
5458,鉄鋼・非鉄,,
5461,鉄鋼・非鉄,,
5463,鉄鋼・非鉄,,
5464,鉄鋼・非鉄,,
5471,鉄鋼・非鉄,,
5476,鉄鋼・非鉄,,
5480,鉄鋼・非鉄,,
5481,鉄鋼・非鉄,,
5482,鉄鋼・非鉄,,
5484,鉄鋼・非鉄,,
5491,鉄鋼・非鉄,,
5527,不動産,,
5532,不動産,,
5533,不動産,,
5535,不動産,,
5541,鉄鋼・非鉄,,
5542,鉄鋼・非鉄,,
5563,鉄鋼・非鉄,,
5570,情報通信・サービスその他,,
5571,情報通信・サービスその他,,
5572,情報通信・サービスその他,,
5574,情報通信・サービスその他,,
5575,情報通信・サービスその他,,
5576,情報通信・サービスその他,,
5577,情報通信・サービスその他,,
5578,情報通信・サービスその他,,
5580,情報通信・サービスその他,,
5582,情報通信・サービスその他,,
5585,情報通信・サービスその他,,
5586,情報通信・サービスその他,,
5587,情報通信・サービスその他,,
5588,情報通信・サービスその他,,
5589,情報通信・サービスその他,,
5590,情報通信・サービスその他,,
5591,情報通信・サービスその他,,
5592,情報通信・サービスその他,,
5595,情報通信・サービスその他,,
5596,情報通信・サービスその他,,
5597,情報通信・サービスその他,,
5599,情報通信・サービスその他,,
5602,鉄鋼・非鉄,,
5603,鉄鋼・非鉄,,
5609,鉄鋼・非鉄,,
5610,鉄鋼・非鉄,,
5612,鉄鋼・非鉄,,
5616,情報通信・サービスその他,,
5618,情報通信・サービスその他,,
5619,情報通信・サービスその他,,
5621,情報通信・サービスその他,,
5631,機械,,
5632,鉄鋼・非鉄,,
5644,鉄鋼・非鉄,,
5658,鉄鋼・非鉄,,
5659,鉄鋼・非鉄,,
5660,鉄鋼・非鉄,,
5695,鉄鋼・非鉄,,
5697,鉄鋼・非鉄,,
5698,鉄鋼・非鉄,,
5699,鉄鋼・非鉄,,
5702,鉄鋼・非鉄,,
5703,鉄鋼・非鉄,,
5704,鉄鋼・非鉄,,
5706,鉄鋼・非鉄,,
5707,鉄鋼・非鉄,,
5711,鉄鋼・非鉄,,
5713,鉄鋼・非鉄,,
5714,鉄鋼・非鉄,,
5715,鉄鋼・非鉄,,
5721,鉄鋼・非鉄,,
5724,鉄鋼・非鉄,,
5726,鉄鋼・非鉄,,
5727,鉄鋼・非鉄,,
5729,鉄鋼・非鉄,,
5741,鉄鋼・非鉄,,
5742,鉄鋼・非鉄,,
5753,鉄鋼・非鉄,,
5757,鉄鋼・非鉄,,
5759,鉄鋼・非鉄,,
5801,鉄鋼・非鉄,,
5802,鉄鋼・非鉄,,
5803,鉄鋼・非鉄,,
5805,鉄鋼・非鉄,,
5809,鉄鋼・非鉄,,
5816,鉄鋼・非鉄,,
5817,鉄鋼・非鉄,,
5819,鉄鋼・非鉄,,
5820,鉄鋼・非鉄,,
5821,鉄鋼・非鉄,,
5830,銀行,,
5831,銀行,,
5832,銀行,,
5834,金融（除く銀行）,,
5838,銀行,,
5842,金融（除く銀行）,,
5843,金融（除く銀行）,,
5844,銀行,,
5845,金融（除く銀行）,,
5851,鉄鋼・非鉄,,
5852,鉄鋼・非鉄,,
5856,小売,,
5857,鉄鋼・非鉄,,
5858,鉄鋼・非鉄,,
5867,情報通信・サービスその他,,
5868,情報通信・サービスその他,,
5869,情報通信・サービスその他,,
5870,情報通信・サービスその他,,
5871,情報通信・サービスその他,,
5884,小売,,
5885,商社・卸売,,
5888,小売,,
5889,小売,,
5891,小売,,
5892,小売,,
5900,建設・資材,,
5901,建設・資材,,
5902,建設・資材,,
5903,建設・資材,,
5905,建設・資材,,
5906,建設・資材,,
5909,建設・資材,,
5911,建設・資材,,
5915,建設・資材,,
5918,建設・資材,,
5921,建設・資材,,
5922,建設・資材,,
5923,建設・資材,,
5928,建設・資材,,
5929,建設・資材,,
5930,建設・資材,,
5932,建設・資材,,
5933,建設・資材,,
5935,建設・資材,,
5936,建設・資材,,
5938,建設・資材,,
5939,建設・資材,,
5940,建設・資材,,
5941,建設・資材,,
5942,建設・資材,,
5943,建設・資材,,
5945,建設・資材,,
5946,建設・資材,,
5947,建設・資材,,
5949,自動車・輸送機,,
5950,建設・資材,,
5951,建設・資材,,
5952,建設・資材,,
5955,建設・資材,,
5956,建設・資材,,
5957,建設・資材,,
5958,建設・資材,,
5959,建設・資材,,
5962,情報通信・サービスその他,,
5965,建設・資材,,
5966,建設・資材,,
5967,建設・資材,,
5969,建設・資材,,
5970,建設・資材,,
5971,建設・資材,,
5973,建設・資材,,
5974,建設・資材,,
5975,建設・資材,,
5976,建設・資材,,
5981,建設・資材,,
5982,建設・資材,,
5983,建設・資材,,
5984,建設・資材,,
5985,建設・資材,,
5986,建設・資材,,
5987,建設・資材,,
5988,建設・資材,,
5989,建設・資材,,
5990,建設・資材,,
5991,建設・資材,,
5992,建設・資材,,
5994,建設・資材,,
5997,建設・資材,,
5998,建設・資材,,
6005,機械,,
6013,機械,,
6016,自動車・輸送機,,
6018,自動車・輸送機,,
6022,機械,,
6023,自動車・輸送機,,
6026,情報通信・サービスその他,,
6027,情報通信・サービスその他,,
6028,情報通信・サービスその他,,
6029,情報通信・サービスその他,,
6030,情報通信・サービスその他,,
6031,情報通信・サービスその他,,
6033,情報通信・サービスその他,,
6034,情報通信・サービスその他,,
6035,情報通信・サービスその他,,
6036,情報通信・サービスその他,,
6037,情報通信・サービスその他,,
6038,情報通信・サービスその他,,
6039,情報通信・サービスその他,,
6040,情報通信・サービスその他,,
6042,自動車・輸送機,,
6044,情報通信・サービスその他,,
6045,情報通信・サービスその他,,
6046,情報通信・サービスその他,,
6047,情報通信・サービスその他,,
6048,情報通信・サービスその他,,
6049,情報通信・サービスその他,,
6050,情報通信・サービスその他,,
6054,情報通信・サービスその他,,
6055,情報通信・サービスその他,,
6058,情報通信・サービスその他,,
6059,情報通信・サービスその他,,
6060,情報通信・サービスその他,,
6061,情報通信・サービスその他,,
6062,情報通信・サービスその他,,
6063,情報通信・サービスその他,,
6069,情報通信・サービスその他,,
6070,情報通信・サービスその他,,
6071,情報通信・サービスその他,,
6072,情報通信・サービスその他,,
6073,情報通信・サービスその他,,
6074,情報通信・サービスその他,,
6078,情報通信・サービスその他,,
6080,情報通信・サービスその他,,
6081,情報通信・サービスその他,,
6082,情報通信・サービスその他,,
6083,情報通信・サービスその他,,
6085,情報通信・サービスその他,,
6086,情報通信・サービスその他,,
6087,情報通信・サービスその他,,
6088,情報通信・サービスその他,,
6089,情報通信・サービスその他,,
6090,情報通信・サービスその他,,
6091,情報通信・サービスその他,,
6092,情報通信・サービスその他,,
6093,情報通信・サービスその他,,
6094,情報通信・サービスその他,,
6095,情報通信・サービスその他,,
6096,情報通信・サービスその他,,
6098,情報通信・サービスその他,,
6099,情報通信・サービスその他,,
6101,機械,,
6103,機械,,
6104,機械,,
6113,機械,,
6118,機械,,
6125,機械,,
6131,機械,,
6134,機械,,
6135,機械,,
6136,機械,,
6137,機械,,
6138,機械,,
6140,機械,,
6141,機械,,
6143,機械,,
6144,機械,,
6145,機械,,
6146,機械,,
6147,機械,,
6149,機械,,
6150,機械,,
6151,機械,,
6155,機械,,
6156,機械,,
6157,機械,,
6158,機械,,
6159,機械,,
6161,機械,,
6164,機械,,
6165,機械,,
6166,機械,,
6167,機械,,
6171,情報通信・サービスその他,,
6173,情報通信・サービスその他,,
6176,情報通信・サービスその他,,
6177,情報通信・サービスその他,,
6178,情報通信・サービスその他,,
6180,情報通信・サービスその他,,
6181,情報通信・サービスその他,,
6182,情報通信・サービスその他,,
6183,情報通信・サービスその他,,
6184,情報通信・サービスその他,,
6185,情報通信・サービスその他,,
6186,情報通信・サービスその他,,
6189,情報通信・サービスその他,,
6190,情報通信・サービスその他,,
6191,情報通信・サービスその他,,
6193,情報通信・サービスその他,,
6194,情報通信・サービスその他,,
6195,情報通信・サービスその他,,
6196,情報通信・サービスその他,,
6197,情報通信・サービスその他,,
6198,情報通信・サービスその他,,
6199,情報通信・サービスその他,,
6200,情報通信・サービスその他,,
6201,自動車・輸送機,,
6203,機械,,
6208,機械,,
6209,機械,,
6210,機械,,
6217,機械,,
6218,機械,,
6222,機械,,
6223,機械,,
6224,機械,,
6226,機械,,
6227,機械,,
6228,機械,,
6229,機械,,
6230,機械,,
6231,機械,,
6232,機械,,
6233,機械,,
6235,機械,,
6236,機械,,
6237,機械,,
6238,機械,,
6239,機械,,
6240,機械,,
6245,機械,,
6246,機械,,
6247,機械,,
6248,機械,,
6249,機械,,
6250,機械,,
6254,機械,,
6255,機械,,
6257,機械,,
6258,機械,,
6262,機械,,
6264,機械,,
6265,機械,,
6266,機械,,
6267,機械,,
6268,機械,,
6269,機械,,
6272,機械,,
6273,機械,,
6276,電機・精密,,
6277,機械,,
6278,機械,,
6279,機械,,
6282,機械,,
6284,機械,,
6286,機械,,
6287,機械,,
6289,機械,,
6291,機械,,
6292,機械,,
6293,機械,,
6294,機械,,
6297,機械,,
6298,機械,,
6301,機械,,
6302,機械,,
6305,機械,,
6306,機械,,
6307,機械,,
6309,機械,,
6310,機械,,
6312,機械,,
6315,機械,,
6316,機械,,
6317,機械,,
6319,鉄鋼・非鉄,,
6322,機械,,
6323,機械,,
6324,機械,,
6325,機械,,
6326,機械,,
6327,機械,,
6328,機械,,
6330,建設・資材,,
6331,機械,,
6332,機械,,
6333,機械,,
6334,機械,,
6335,機械,,
6336,機械,,
6337,機械,,
6338,機械,,
6339,機械,,
6340,機械,,
6342,機械,,
6343,機械,,
6345,機械,,
6346,機械,,
6347,機械,,
6349,機械,,
6351,機械,,
6356,機械,,
6357,機械,,
6358,機械,,
6360,機械,,
6361,機械,,
6362,機械,,
6363,機械,,
6364,機械,,
6365,機械,,
6366,建設・資材,,
6367,機械,,
6368,機械,,
6369,機械,,
6370,機械,,
6371,機械,,
6373,機械,,
6376,電機・精密,,
6378,機械,,
6379,建設・資材,,
6380,機械,,
6381,機械,,
6382,機械,,
6383,機械,,
6384,機械,,
6387,機械,,
6390,機械,,
6391,機械,,
6392,機械,,
6393,機械,,
6395,機械,,
6396,機械,,
6400,機械,,
6402,機械,,
6403,機械,,
6405,機械,,
6406,機械,,
6407,機械,,
6408,機械,,
6411,機械,,
6412,機械,,
6413,機械,,
6416,機械,,
6417,機械,,
6418,機械,,
6419,機械,,
6420,機械,,
6424,機械,,
6425,機械,,
6428,機械,,
6430,機械,,
6432,機械,,
6433,機械,,
6436,機械,,
6440,機械,,
6444,機械,,
6445,機械,,
6448,電機・精密,,
6454,機械,,
6455,自動車・輸送機,,
6457,機械,,
6458,機械,,
6459,機械,,
6460,機械,,
6463,機械,,
6464,機械,,
6465,機械,,
6466,機械,,
6467,機械,,
6469,機械,,
6470,機械,,
6471,機械,,
6472,機械,,
6473,機械,,
6474,機械,,
6479,電機・精密,,
6480,機械,,
6481,機械,,
6482,機械,,
6484,機械,,
6485,機械,,
6486,機械,,
6488,機械,,
6489,機械,,
6490,機械,,
6492,機械,,
6493,自動車・輸送機,,
6494,機械,,
6495,機械,,
6496,機械,,
6497,機械,,
6498,機械,,
6501,電機・精密,,
6503,電機・精密,,
6504,電機・精密,,
6505,電機・精密,,
6506,電機・精密,,
6507,電機・精密,,
6508,電機・精密,,
6513,電機・精密,,
6516,電機・精密,,
6517,電機・精密,,
6518,電機・精密,,
6521,電機・精密,,
6522,電機・精密,,
6523,電機・精密,,
6524,電機・精密,,
6525,電機・精密,,
6526,電機・精密,,
6532,情報通信・サービスその他,,
6533,情報通信・サービスその他,,
6535,情報通信・サービスその他,,
6537,情報通信・サービスその他,,
6538,情報通信・サービスその他,,
6539,情報通信・サービスその他,,
6540,情報通信・サービスその他,,
6542,情報通信・サービスその他,,
6543,情報通信・サービスその他,,
6544,情報通信・サービスその他,,
6545,情報通信・サービスその他,,
6546,情報通信・サービスその他,,
6547,情報通信・サービスその他,,
6548,情報通信・サービスその他,,
6549,情報通信・サービスその他,,
6550,情報通信・サービスその他,,
6551,情報通信・サービスその他,,
6552,情報通信・サービスその他,,
6554,情報通信・サービスその他,,
6555,情報通信・サービスその他,,
6557,情報通信・サービスその他,,
6558,情報通信・サービスその他,,
6560,情報通信・サービスその他,,
6561,情報通信・サービスその他,,
6562,情報通信・サービスその他,,
6563,情報通信・サービスその他,,
6564,情報通信・サービスその他,,
6565,情報通信・サービスその他,,
6566,情報通信・サービスその他,,
6568,情報通信・サービスその他,,
6570,情報通信・サービスその他,,
6571,情報通信・サービスその他,,
6572,情報通信・サービスその他,,
6573,情報通信・サービスその他,,
6574,情報通信・サービスその他,,
6577,情報通信・サービスその他,,
6578,情報通信・サービスその他,,
6579,情報通信・サービスその他,,
6580,情報通信・サービスその他,,
6584,自動車・輸送機,,
6586,機械,,
6588,電機・精密,,
6590,電機・精密,,
6592,電機・精密,,
6594,電機・精密,,
6597,電機・精密,,
6599,電機・精密,,
6612,電機・精密,,
6613,電機・精密,,
6614,電機・精密,,
6615,電機・精密,,
6616,電機・精密,,
6617,電機・精密,,
6619,電機・精密,,
6620,不動産,,
6622,電機・精密,,
6625,不動産,,
6626,電機・精密,,
6627,電機・精密,,
6629,電機・精密,,
6630,電機・精密,,
6632,電機・精密,,
6633,電機・精密,,
6634,電機・精密,,
6635,電機・精密,,
6637,電機・精密,,
6638,電機・精密,,
6640,電機・精密,,
6643,電機・精密,,
6644,電機・精密,,
6645,電機・精密,,
6647,電機・精密,,
6648,電機・精密,,
6651,電機・精密,,
6652,電機・精密,,
6653,電機・精密,,
6654,電機・精密,,
6656,電機・精密,,
6658,電機・精密,,
6659,電機・精密,,
6662,電機・精密,,
6663,電機・精密,,
6664,電機・精密,,
6666,電機・精密,,
6668,電機・精密,,
6670,電機・精密,,
6674,電機・精密,,
6675,電機・精密,,
6676,電機・精密,,
6677,電機・精密,,
6678,電機・精密,,
6694,電機・精密,,
6696,電機・精密,,
6697,電機・精密,,
6698,電機・精密,,
6699,電機・精密,,
6701,電機・精密,,
6702,電機・精密,,
6703,電機・精密,,
6706,電機・精密,,
6707,電機・精密,,
6715,電機・精密,,
6718,電機・精密,,
6721,電機・精密,,
6723,電機・精密,,
6724,電機・精密,,
6727,電機・精密,,
6728,電機・精密,,
6730,電機・精密,,
6731,電機・精密,,
6734,電機・精密,,
6736,電機・精密,,
6737,電機・精密,,
6740,電機・精密,,
6741,電機・精密,,
6742,電機・精密,,
6743,電機・精密,,
6744,電機・精密,,
6745,電機・精密,,
6748,電機・精密,,
6750,電機・精密,,
6752,電機・精密,,
6753,電機・精密,,
6754,電機・精密,,
6755,電機・精密,,
6757,電機・精密,,
6758,電機・精密,,
6762,電機・精密,,
6763,電機・精密,,
6768,電機・精密,,
6769,電機・精密,,
6770,電機・精密,,
6771,電機・精密,,
6772,電機・精密,,
6775,電機・精密,,
6776,素材・化学,,
6777,電機・精密,,
6778,電機・精密,,
6779,電機・精密,,
6785,電機・精密,,
6786,情報通信・サービスその他,,
6787,電機・精密,,
6788,電機・精密,,
6794,電機・精密,,
6797,電機・精密,,
6798,電機・精密,,
6800,電機・精密,,
6803,電機・精密,,
6804,電機・精密,,
6806,電機・精密,,
6807,電機・精密,,
6809,電機・精密,,
6810,電機・精密,,
6814,電機・精密,,
6817,電機・精密,,
6819,情報通信・サービスその他,,
6820,電機・精密,,
6822,電機・精密,,
6823,電機・精密,,
6824,電機・精密,,
6832,電機・精密,,
6834,電機・精密,,
6835,電機・精密,,
6836,電機・精密,,
6837,電機・精密,,
6838,電機・精密,,
6840,電機・精密,,
6841,電機・精密,,
6844,電機・精密,,
6845,電機・精密,,
6848,電機・精密,,
6849,電機・精密,,
6850,電機・精密,,
6853,電機・精密,,
6855,電機・精密,,
6856,電機・精密,,
6857,電機・精密,,
6858,電機・精密,,
6859,電機・精密,,
6861,電機・精密,,
6862,電機・精密,,
6863,電機・精密,,
6864,電機・精密,,
6866,電機・精密,,
6867,電機・精密,,
6869,電機・精密,,
6870,電機・精密,,
6871,電機・精密,,
6874,電機・精密,,
6875,電機・精密,,
6877,電機・精密,,
6879,情報通信・サービスその他,,
6882,電機・精密,,
6888,情報通信・サービスその他,,
6890,電機・精密,,
6894,電機・精密,,
6897,電機・精密,,
6898,電機・精密,,
6899,電機・精密,,
6901,電機・精密,,
6902,自動車・輸送機,,
6904,電機・精密,,
6905,電機・精密,,
6907,電機・精密,,
6908,電機・精密,,
6912,電機・精密,,
6914,電機・精密,,
6915,電機・精密,,
6918,電機・精密,,
6919,電機・精密,,
6920,電機・精密,,
6923,電機・精密,,
6925,電機・精密,,
6926,電機・精密,,
6927,電機・精密,,
6928,電機・精密,,
6929,電機・精密,,
6930,電機・精密,,
6932,電機・精密,,
6937,電機・精密,,
6941,電機・精密,,
6942,情報通信・サービスその他,,
6943,電機・精密,,
6946,電機・精密,,
6947,電機・精密,,
6951,電機・精密,,
6952,電機・精密,,
6954,電機・精密,,
6955,電機・精密,,
6957,電機・精密,,
6958,電機・精密,,
6960,電機・精密,,
6961,電機・精密,,
6962,電機・精密,,
6963,電機・精密,,
6964,電機・精密,,
6965,電機・精密,,
6966,電機・精密,,
6967,電機・精密,,
6969,電機・精密,,
6971,電機・精密,,
6973,商社・卸売,,
6976,電機・精密,,
6977,電機・精密,,
6981,電機・精密,,
6982,自動車・輸送機,,
6986,電機・精密,,
6988,素材・化学,,
6989,電機・精密,,
6993,小売,,
6994,電機・精密,,
6995,自動車・輸送機,,
6996,電機・精密,,
6997,電機・精密,,
6998,電機・精密,,
6999,電機・精密,,
7003,機械,,
7004,機械,,
7011,機械,,
7012,自動車・輸送機,,
7013,機械,,
7014,自動車・輸送機,,
7018,自動車・輸送機,,
7021,機械,,
7022,機械,,
7030,情報通信・サービスその他,,
7031,情報通信・サービスその他,,
7033,情報通信・サービスその他,,
7034,情報通信・サービスその他,,
7035,情報通信・サービスその他,,
7036,情報通信・サービスその他,,
7037,情報通信・サービスその他,,
7038,情報通信・サービスその他,,
7039,情報通信・サービスその他,,
7040,情報通信・サービスその他,,
7041,情報通信・サービスその他,,
7042,情報通信・サービスその他,,
7043,情報通信・サービスその他,,
7044,情報通信・サービスその他,,
7046,情報通信・サービスその他,,
7047,情報通信・サービスその他,,
7048,情報通信・サービスその他,,
7049,情報通信・サービスその他,,
7050,情報通信・サービスその他,,
7057,情報通信・サービスその他,,
7058,情報通信・サービスその他,,
7059,情報通信・サービスその他,,
7060,情報通信・サービスその他,,
7061,情報通信・サービスその他,,
7062,情報通信・サービスその他,,
7063,情報通信・サービスその他,,
7064,情報通信・サービスその他,,
7065,情報通信・サービスその他,,
7066,情報通信・サービスその他,,
7067,情報通信・サービスその他,,
7068,情報通信・サービスその他,,
7069,情報通信・サービスその他,,
7071,情報通信・サービスその他,,
7072,情報通信・サービスその他,,
7073,情報通信・サービスその他,,
7074,情報通信・サービスその他,,
7077,情報通信・サービスその他,,
7078,情報通信・サービスその他,,
7079,情報通信・サービスその他,,
7080,情報通信・サービスその他,,
7081,情報通信・サービスその他,,
7082,情報通信・サービスその他,,
7083,情報通信・サービスその他,,
7084,情報通信・サービスその他,,
7085,情報通信・サービスその他,,
7087,情報通信・サービスその他,,
7088,情報通信・サービスその他,,
7089,情報通信・サービスその他,,
7090,情報通信・サービスその他,,
7091,情報通信・サービスその他,,
7092,情報通信・サービスその他,,
7093,情報通信・サービスその他,,
7094,情報通信・サービスその他,,
7095,情報通信・サービスその他,,
7096,情報通信・サービスその他,,
7097,情報通信・サービスその他,,
7102,自動車・輸送機,,
7105,自動車・輸送機,,
7110,小売,,
7111,商社・卸売,,
7112,小売,,
7114,商社・卸売,,
7115,商社・卸売,,
7116,商社・卸売,,
7119,小売,,
7120,商社・卸売,,
7122,自動車・輸送機,,
7126,小売,,
7127,小売,,
7128,商社・卸売,,
7129,小売,,
7130,商社・卸売,,
7131,商社・卸売,,
7133,小売,,
7134,小売,,
7135,小売,,
7138,小売,,
7140,小売,,
7148,金融（除く銀行）,,
7150,銀行,,
7157,金融（除く銀行）,,
7161,銀行,,
7162,金融（除く銀行）,,
7163,銀行,,
7164,金融（除く銀行）,,
7167,銀行,,
7172,金融（除く銀行）,,
7173,銀行,,
7175,金融（除く銀行）,,
7177,金融（除く銀行）,,
7180,銀行,,
7181,金融（除く銀行）,,
7182,銀行,,
7183,金融（除く銀行）,,
7184,銀行,,
7185,金融（除く銀行）,,
7186,銀行,,
7187,金融（除く銀行）,,
7189,銀行,,
7191,金融（除く銀行）,,
7192,金融（除く銀行）,,
7196,金融（除く銀行）,,
7198,金融（除く銀行）,,
7199,金融（除く銀行）,,
7201,自動車・輸送機,,
7202,自動車・輸送機,,
7203,自動車・輸送機,,
7205,自動車・輸送機,,
7208,自動車・輸送機,,
7211,自動車・輸送機,,
7212,自動車・輸送機,,
7213,自動車・輸送機,,
7214,自動車・輸送機,,
7215,自動車・輸送機,,
7217,自動車・輸送機,,
7218,自動車・輸送機,,
7219,自動車・輸送機,,
7220,自動車・輸送機,,
7222,自動車・輸送機,,
7224,自動車・輸送機,,
7226,自動車・輸送機,,
7228,自動車・輸送機,,
7229,自動車・輸送機,,
7231,自動車・輸送機,,
7235,自動車・輸送機,,
7236,自動車・輸送機,,
7238,自動車・輸送機,,
7239,自動車・輸送機,,
7240,自動車・輸送機,,
7241,自動車・輸送機,,
7242,自動車・輸送機,,
7244,電機・精密,,
7245,自動車・輸送機,,
7246,自動車・輸送機,,
7247,自動車・輸送機,,
7250,自動車・輸送機,,
7254,自動車・輸送機,,
7255,自動車・輸送機,,
7256,自動車・輸送機,,
7259,自動車・輸送機,,
7261,自動車・輸送機,,
7264,自動車・輸送機,,
7265,自動車・輸送機,,
7266,自動車・輸送機,,
7267,自動車・輸送機,,
7268,自動車・輸送機,,
7269,自動車・輸送機,,
7270,自動車・輸送機,,
7271,自動車・輸送機,,
7272,自動車・輸送機,,
7273,自動車・輸送機,,
7276,電機・精密,,
7277,自動車・輸送機,,
7278,自動車・輸送機,,
7279,自動車・輸送機,,
7280,電機・精密,,
7282,自動車・輸送機,,
7283,自動車・輸送機,,
7284,自動車・輸送機,,
7287,自動車・輸送機,,
7291,自動車・輸送機,,
7292,自動車・輸送機,,
7294,自動車・輸送機,,
7296,自動車・輸送機,,
7297,自動車・輸送機,,
7299,自動車・輸送機,,
7305,鉄鋼・非鉄,,
7309,自動車・輸送機,,
7313,自動車・輸送機,,
7314,自動車・輸送機,,
7317,自動車・輸送機,,
7318,自動車・輸送機,,
7320,金融（除く銀行）,,
7322,銀行,,
7325,金融（除く銀行）,,
7326,金融（除く銀行）,,
7327,銀行,,
7337,銀行,,
7342,金融（除く銀行）,,
7343,金融（除く銀行）,,
7345,金融（除く銀行）,,
7347,金融（除く銀行）,,
7350,銀行,,
7351,情報通信・サービスその他,,
7352,情報通信・サービスその他,,
7353,情報通信・サービスその他,,
7354,情報通信・サービスその他,,
7356,情報通信・サービスその他,,
7357,情報通信・サービスその他,,
7358,情報通信・サービスその他,,
7359,情報通信・サービスその他,,
7360,情報通信・サービスその他,,
7361,情報通信・サービスその他,,
7362,情報通信・サービスその他,,
7363,情報通信・サービスその他,,
7366,情報通信・サービスその他,,
7367,情報通信・サービスその他,,
7368,情報通信・サービスその他,,
7369,情報通信・サービスその他,,
7370,情報通信・サービスその他,,
7371,情報通信・サービスその他,,
7372,情報通信・サービスその他,,
7373,情報通信・サービスその他,,
7374,情報通信・サービスその他,,
7375,情報通信・サービスその他,,
7376,情報通信・サービスその他,,
7377,情報通信・サービスその他,,
7378,情報通信・サービスその他,,
7379,情報通信・サービスその他,,
7380,銀行,,
7381,銀行,,
7383,金融（除く銀行）,,
7384,銀行,,
7386,金融（除く銀行）,,
7388,金融（除く銀行）,,
7389,銀行,,
7399,自動車・輸送機,,
7408,自動車・輸送機,,
7409,自動車・輸送機,,
7412,小売,,
7413,商社・卸売,,
7414,商社・卸売,,
7416,小売,,
7417,商社・卸売,,
7419,小売,,
7420,商社・卸売,,
7421,小売,,
7422,商社・卸売,,
7425,商社・卸売,,
7426,商社・卸売,,
7427,商社・卸売,,
7433,商社・卸売,,
7434,商社・卸売,,
7435,商社・卸売,,
7438,商社・卸売,,
7442,商社・卸売,,
7443,商社・卸売,,
7444,商社・卸売,,
7445,小売,,
7446,商社・卸売,,
7447,商社・卸売,,
7450,小売,,
7451,商社・卸売,,
7453,小売,,
7455,小売,,
7456,商社・卸売,,
7458,商社・卸売,,
7459,商社・卸売,,
7460,商社・卸売,,
7461,商社・卸売,,
7462,小売,,
7463,小売,,
7464,商社・卸売,,
7466,商社・卸売,,
7467,商社・卸売,,
7472,商社・卸売,,
7475,小売,,
7476,商社・卸売,,
7477,商社・卸売,,
7480,商社・卸売,,
7481,商社・卸売,,
7482,商社・卸売,,
7483,商社・卸売,,
7486,商社・卸売,,
7487,商社・卸売,,
7490,商社・卸売,,
7494,小売,,
7500,商社・卸売,,
7501,商社・卸売,,
7502,情報通信・サービスその他,,
7504,商社・卸売,,
7505,商社・卸売,,
7506,小売,,
7508,小売,,
7509,小売,,
7510,商社・卸売,,
7512,小売,,
7513,小売,,
7514,小売,,
7515,小売,,
7516,小売,,
7518,情報通信・サービスその他,,
7520,小売,,
7521,商社・卸売,,
7522,小売,,
7523,小売,,
7524,小売,,
7525,商社・卸売,,
7527,情報通信・サービスその他,,
7531,商社・卸売,,
7532,小売,,
7537,商社・卸売,,
7538,商社・卸売,,
7539,商社・卸売,,
7544,小売,,
7545,小売,,
7550,小売,,
7551,自動車・輸送機,,
7552,商社・卸売,,
7554,小売,,
7555,商社・卸売,,
7559,商社・卸売,,
7561,小売,,
7562,小売,,
7564,小売,,
7565,商社・卸売,,
7567,商社・卸売,,
7570,商社・卸売,,
7571,小売,,
7575,商社・卸売,,
7578,小売,,
7581,小売,,
7585,小売,,
7590,商社・卸売,,
7593,小売,,
7595,情報通信・サービスその他,,
7596,小売,,
7599,商社・卸売,,
7600,電機・精密,,
7601,小売,,
7602,商社・卸売,,
7603,小売,,
7604,小売,,
7605,小売,,
7606,小売,,
7607,商社・卸売,,
7608,商社・卸売,,
7609,商社・卸売,,
7610,小売,,
7611,小売,,
7613,商社・卸売,,
7614,小売,,
7615,小売,,
7616,小売,,
7619,商社・卸売,,
7621,小売,,
7623,小売,,
7624,商社・卸売,,
7625,小売,,
7628,商社・卸売,,
7630,小売,,
7634,商社・卸売,,
7635,商社・卸売,,
7636,小売,,
7637,商社・卸売,,
7638,小売,,
7640,小売,,
7643,小売,,
7646,小売,,
7647,情報通信・サービスその他,,
7649,小売,,
7670,商社・卸売,,
7673,商社・卸売,,
7674,小売,,
7677,商社・卸売,,
7678,小売,,
7679,小売,,
7681,商社・卸売,,
7682,小売,,
7683,小売,,
7685,商社・卸売,,
7686,小売,,
7687,商社・卸売,,
7689,商社・卸売,,
7692,電力・ガス,,
7694,小売,,
7695,小売,,
7698,商社・卸売,,
7699,商社・卸売,,
7701,電機・精密,,
7702,電機・精密,,
7707,電機・精密,,
7709,電機・精密,,
7711,電機・精密,,
7713,電機・精密,,
7715,電機・精密,,
7716,電機・精密,,
7717,電機・精密,,
7718,機械,,
7719,電機・精密,,
7721,電機・精密,,
7722,電機・精密,,
7723,電機・精密,,
7725,電機・精密,,
7726,機械,,
7727,電機・精密,,
7729,電機・精密,,
7730,電機・精密,,
7731,電機・精密,,
7732,電機・精密,,
7733,電機・精密,,
7734,電機・精密,,
7735,電機・精密,,
7739,電機・精密,,
7740,電機・精密,,
7741,電機・精密,,
7743,電機・精密,,
7744,電機・精密,,
7745,電機・精密,,
7746,電機・精密,,
7747,電機・精密,,
7749,電機・精密,,
7751,電機・精密,,
7752,電機・精密,,
7760,電機・精密,,
7762,電機・精密,,
7769,電機・精密,,
7771,電機・精密,,
7774,電機・精密,,
7775,電機・精密,,
7776,電機・精密,,
7777,電機・精密,,
7779,電機・精密,,
7780,電機・精密,,
7781,電機・精密,,
7782,電機・精密,,
7791,情報通信・サービスその他,,
7792,情報通信・サービスその他,,
7793,情報通信・サービスその他,,
7794,情報通信・サービスその他,,
7795,情報通信・サービスその他,,
7800,情報通信・サービスその他,,
7803,情報通信・サービスその他,,
7804,情報通信・サービスその他,,
7805,情報通信・サービスその他,,
7806,情報通信・サービスその他,,
7807,情報通信・サービスその他,,
7808,情報通信・サービスその他,,
7809,情報通信・サービスその他,,
7810,情報通信・サービスその他,,
7811,情報通信・サービスその他,,
7812,情報通信・サービスその他,,
7813,情報通信・サービスその他,,
7814,情報通信・サービスその他,,
7815,情報通信・サービスその他,,
7817,情報通信・サービスその他,,
7818,情報通信・サービスその他,,
7819,情報通信・サービスその他,,
7820,情報通信・サービスその他,,
7821,情報通信・サービスその他,,
7822,情報通信・サービスその他,,
7823,情報通信・サービスその他,,
7826,情報通信・サービスその他,,
7827,情報通信・サービスその他,,
7831,情報通信・サービスその他,,
7832,情報通信・サービスその他,,
7833,情報通信・サービスその他,,
7836,情報通信・サービスその他,,
7837,情報通信・サービスその他,,
7839,情報通信・サービスその他,,
7840,情報通信・サービスその他,,
7841,情報通信・サービスその他,,
7844,情報通信・サービスその他,,
7846,情報通信・サービスその他,,
7847,情報通信・サービスその他,,
7849,情報通信・サービスその他,,
7850,情報通信・サービスその他,,
7851,情報通信・サービスその他,,
7856,情報通信・サービスその他,,
7857,情報通信・サービスその他,,
7859,情報通信・サービスその他,,
7860,情報通信・サービスその他,,
7863,情報通信・サービスその他,,
7864,情報通信・サービスその他,,
7865,情報通信・サービスその他,,
7867,情報通信・サービスその他,,
7868,情報通信・サービスその他,,
7871,素材・化学,,
7872,情報通信・サービスその他,,
7874,素材・化学,,
7875,情報通信・サービスその他,,
7877,素材・化学,,
7878,情報通信・サービスその他,,
7879,情報通信・サービスその他,,
7883,情報通信・サービスその他,,
7885,情報通信・サービスその他,,
7886,素材・化学,,
7887,情報通信・サービスその他,,
7888,素材・化学,,
7893,情報通信・サービスその他,,
7896,情報通信・サービスその他,,
7897,情報通信・サービスその他,,
7898,情報通信・サービスその他,,
7901,情報通信・サービスその他,,
7902,情報通信・サービスその他,,
7906,情報通信・サービスその他,,
7908,素材・化学,,
7911,情報通信・サービスその他,,
7912,情報通信・サービスその他,,
7914,情報通信・サービスその他,,
7915,情報通信・サービスその他,,
7916,情報通信・サービスその他,,
7917,素材・化学,,
7918,小売,,
7919,情報通信・サービスその他,,
7921,情報通信・サービスその他,,
7922,情報通信・サービスその他,,
7923,情報通信・サービスその他,,
7925,素材・化学,,
7927,素材・化学,,
7928,素材・化学,,
7931,素材・化学,,
7932,情報通信・サービスその他,,
7936,情報通信・サービスその他,,
7937,情報通信・サービスその他,,
7938,情報通信・サービスその他,,
7939,情報通信・サービスその他,,
7940,素材・化学,,
7942,素材・化学,,
7943,建設・資材,,
7944,情報通信・サービスその他,,
7946,情報通信・サービスその他,,
7947,素材・化学,,
7949,情報通信・サービスその他,,
7951,情報通信・サービスその他,,
7952,情報通信・サービスその他,,
7953,情報通信・サービスその他,,
7955,情報通信・サービスその他,,
7956,情報通信・サービスその他,,
7957,情報通信・サービスその他,,
7958,素材・化学,,
7962,情報通信・サービスその他,,
7963,情報通信・サービスその他,,
7965,電機・精密,,
7966,情報通信・サービスその他,,
7970,素材・化学,,
7971,素材・化学,,
7972,情報通信・サービスその他,,
7974,情報通信・サービスその他,,
7975,情報通信・サービスその他,,
7976,情報通信・サービスその他,,
7979,電機・精密,,
7980,情報通信・サービスその他,,
7981,情報通信・サービスその他,,
7983,情報通信・サービスその他,,
7984,情報通信・サービスその他,,
7985,建設・資材,,
7986,情報通信・サービスその他,,
7987,情報通信・サービスその他,,
7988,素材・化学,,
7989,建設・資材,,
7990,情報通信・サービスその他,,
7991,機械,,
7992,情報通信・サービスその他,,
7994,情報通信・サービスその他,,
7995,素材・化学,,
7997,情報通信・サービスその他,,
7999,電機・精密,,
8001,商社・卸売,,
8002,商社・卸売,,
8005,小売,,
8006,商社・卸売,,
8007,商社・卸売,,
8008,小売,,
8011,素材・化学,,
8012,商社・卸売,,
8013,素材・化学,,
8014,商社・卸売,,
8015,商社・卸売,,
8016,素材・化学,,
8018,商社・卸売,,
8020,商社・卸売,,
8022,情報通信・サービスその他,,
8023,情報通信・サービスその他,,
8025,商社・卸売,,
8029,素材・化学,,
8030,商社・卸売,,
8031,商社・卸売,,
8032,商社・卸売,,
8035,電機・精密,,
8037,商社・卸売,,
8038,商社・卸売,,
8039,商社・卸売,,
8040,素材・化学,,
8041,商社・卸売,,
8043,商社・卸売,,
8045,商社・卸売,,
8046,商社・卸売,,
8050,電機・精密,,
8051,商社・卸売,,
8052,商社・卸売,,
8053,商社・卸売,,
8056,情報通信・サービスその他,,
8057,商社・卸売,,
8058,商社・卸売,,
8059,商社・卸売,,
8060,商社・卸売,,
8061,商社・卸売,,
8065,商社・卸売,,
8066,商社・卸売,,
8070,商社・卸売,,
8072,商社・卸売,,
8074,商社・卸売,,
8075,商社・卸売,,
8076,商社・卸売,,
8077,商社・卸売,,
8078,商社・卸売,,
8079,商社・卸売,,
8081,商社・卸売,,
8084,商社・卸売,,
8085,商社・卸売,,
8086,電機・精密,,
8088,商社・卸売,,
8089,商社・卸売,,
8091,商社・卸売,,
8093,商社・卸売,,
8095,商社・卸売,,
8097,商社・卸売,,
8098,商社・卸売,,
8101,商社・卸売,,
8103,商社・卸売,,
8104,商社・卸売,,
8105,商社・卸売,,
8107,素材・化学,,
8111,素材・化学,,
8113,素材・化学,,
8114,素材・化学,,
8115,商社・卸売,,
8117,商社・卸売,,
8118,素材・化学,,
8119,商社・卸売,,
8123,商社・卸売,,
8125,商社・卸売,,
8127,素材・化学,,
8129,商社・卸売,,
8130,商社・卸売,,
8131,商社・卸売,,
8132,商社・卸売,,
8133,商社・卸売,,
8135,商社・卸売,,
8136,商社・卸売,,
8137,商社・卸売,,
8138,商社・卸売,,
8139,商社・卸売,,
8141,商社・卸売,,
8142,商社・卸売,,
8143,素材・化学,,
8144,商社・卸売,,
8147,商社・卸売,,
8150,商社・卸売,,
8151,商社・卸売,,
8152,商社・卸売,,
8153,商社・卸売,,
8154,商社・卸売,,
8155,建設・資材,,
8157,情報通信・サービスその他,,
8158,商社・卸売,,
8159,商社・卸売,,
8160,小売,,
8163,小売,,
8165,小売,,
8166,小売,,
8167,小売,,
8173,小売,,
8174,小売,,
8179,小売,,
8181,小売,,
8182,小売,,
8185,小売,,
8194,小売,,
8198,小売,,
8200,小売,,
8202,小売,,
8203,小売,,
8207,小売,,
8208,小売,,
8209,小売,,
8214,小売,,
8215,小売,,
8217,小売,,
8218,小売,,
8219,小売,,
8225,商社・卸売,,
8226,商社・卸売,,
8227,小売,,
8230,小売,,
8233,小売,,
8237,小売,,
8242,小売,,
8244,小売,,
8247,小売,,
8252,小売,,
8253,金融（除く銀行）,,
8254,小売,,
8255,小売,,
8260,小売,,
8267,小売,,
8273,小売,,
8275,商社・卸売,,
8276,小売,,
8278,小売,,
8279,小売,,
8281,小売,,
8282,小売,,
8283,商社・卸売,,
8285,商社・卸売,,
8289,小売,,
8291,小売,,
8301,-,,
8304,銀行,,
8306,銀行,,
8308,銀行,,
8309,銀行,,
8316,銀行,,
8331,銀行,,
8334,銀行,,
8336,銀行,,
8337,銀行,,
8338,銀行,,
8341,銀行,,
8343,銀行,,
8344,銀行,,
8345,銀行,,
8346,銀行,,
8349,銀行,,
8354,銀行,,
8358,銀行,,
8359,銀行,,
8360,銀行,,
8361,銀行,,
8362,銀行,,
8364,銀行,,
8365,銀行,,
8366,銀行,,
8367,銀行,,
8368,銀行,,
8370,銀行,,
8377,銀行,,
8381,銀行,,
8383,銀行,,
8386,銀行,,
8387,銀行,,
8388,銀行,,
8392,銀行,,
8393,銀行,,
8395,銀行,,
8399,銀行,,
8410,銀行,,
8411,銀行,,
8416,銀行,,
8418,銀行,,
8421,-,,
8424,金融（除く銀行）,,
8425,金融（除く銀行）,,
8439,金融（除く銀行）,,
8473,金融（除く銀行）,,
8508,金融（除く銀行）,,
8511,金融（除く銀行）,,
8515,金融（除く銀行）,,
8518,金融（除く銀行）,,
8522,銀行,,
8524,銀行,,
8537,銀行,,
8541,銀行,,
8542,銀行,,
8544,銀行,,
8550,銀行,,
8551,銀行,,
8558,銀行,,
8562,銀行,,
8563,銀行,,
8566,金融（除く銀行）,,
8570,金融（除く銀行）,,
8572,金融（除く銀行）,,
8584,金融（除く銀行）,,
8585,金融（除く銀行）,,
8591,金融（除く銀行）,,
8593,金融（除く銀行）,,
8595,金融（除く銀行）,,
8596,金融（除く銀行）,,
8600,銀行,,
8601,金融（除く銀行）,,
8604,金融（除く銀行）,,
8609,金融（除く銀行）,,
8613,金融（除く銀行）,,
8614,金融（除く銀行）,,
8616,金融（除く銀行）,,
8617,金融（除く銀行）,,
8622,金融（除く銀行）,,
8624,金融（除く銀行）,,
8628,金融（除く銀行）,,
8630,金融（除く銀行）,,
8697,金融（除く銀行）,,
8698,金融（除く銀行）,,
8699,金融（除く銀行）,,
8700,金融（除く銀行）,,
8704,金融（除く銀行）,,
8705,金融（除く銀行）,,
8706,金融（除く銀行）,,
8707,金融（除く銀行）,,
8708,金融（除く銀行）,,
8713,銀行,,
8714,銀行,,
8715,金融（除く銀行）,,
8725,金融（除く銀行）,,
8732,金融（除く銀行）,,
8737,金融（除く銀行）,,
8739,金融（除く銀行）,,
8742,金融（除く銀行）,,
8746,金融（除く銀行）,,
8747,金融（除く銀行）,,
8750,金融（除く銀行）,,
8766,金融（除く銀行）,,
8769,情報通信・サービスその他,,
8771,金融（除く銀行）,,
8772,金融（除く銀行）,,
8783,金融（除く銀行）,,
8789,金融（除く銀行）,,
8793,金融（除く銀行）,,
8795,金融（除く銀行）,,
8798,金融（除く銀行）,,
8801,不動産,,
8802,不動産,,
8803,不動産,,
8804,不動産,,
8818,不動産,,
8830,不動産,,
8835,商社・卸売,,
8836,不動産,,
8841,不動産,,
8844,不動産,,
8848,不動産,,
8850,不動産,,
8860,不動産,,
8864,不動産,,
8869,不動産,,
8871,不動産,,
8876,情報通信・サービスその他,,
8877,不動産,,
8881,不動産,,
8886,不動産,,
8887,不動産,,
8889,不動産,,
8890,不動産,,
8891,不動産,,
8892,不動産,,
8894,不動産,,
8897,不動産,,
8898,不動産,,
8904,不動産,,
8905,不動産,,
8908,不動産,,
8912,不動産,,
8914,不動産,,
8917,不動産,,
8918,不動産,,
8919,不動産,,
8920,情報通信・サービスその他,,
8923,不動産,,
8927,不動産,,
8928,不動産,,
8929,不動産,,
8931,不動産,,
8934,不動産,,
8935,不動産,,
8938,不動産,,
8940,不動産,,
8944,不動産,,
8945,不動産,,
8946,不動産,,
8951,-,,
8952,-,,
8953,-,,
8954,-,,
8955,-,,
8956,-,,
8957,-,,
8958,-,,
8960,-,,
8961,-,,
8963,-,,
8964,-,,
8966,-,,
8967,-,,
8968,-,,
8972,-,,
8975,-,,
8976,-,,
8977,-,,
8979,-,,
8984,-,,
8985,-,,
8986,-,,
8987,-,,
8995,不動産,,
8996,不動産,,
8999,不動産,,
9001,運輸・物流,,
9003,運輸・物流,,
9005,運輸・物流,,
9006,運輸・物流,,
9007,運輸・物流,,
9008,運輸・物流,,
9009,運輸・物流,,
9010,運輸・物流,,
9012,運輸・物流,,
9017,運輸・物流,,
9020,運輸・物流,,
9021,運輸・物流,,
9022,運輸・物流,,
9024,運輸・物流,,
9025,運輸・物流,,
9028,運輸・物流,,
9029,運輸・物流,,
9031,運輸・物流,,
9033,運輸・物流,,
9034,運輸・物流,,
9036,運輸・物流,,
9037,運輸・物流,,
9039,運輸・物流,,
9041,運輸・物流,,
9042,運輸・物流,,
9044,運輸・物流,,
9045,運輸・物流,,
9046,運輸・物流,,
9048,運輸・物流,,
9049,運輸・物流,,
9051,運輸・物流,,
9052,運輸・物流,,
9055,運輸・物流,,
9057,運輸・物流,,
9058,運輸・物流,,
9059,運輸・物流,,
9060,運輸・物流,,
9063,運輸・物流,,
9064,運輸・物流,,
9065,運輸・物流,,
9066,運輸・物流,,
9067,運輸・物流,,
9068,運輸・物流,,
9069,運輸・物流,,
9070,運輸・物流,,
9072,運輸・物流,,
9073,運輸・物流,,
9074,運輸・物流,,
9075,運輸・物流,,
9076,運輸・物流,,
9081,運輸・物流,,
9082,運輸・物流,,
9083,運輸・物流,,
9087,運輸・物流,,
9090,運輸・物流,,
9099,運輸・物流,,
9101,運輸・物流,,
9104,運輸・物流,,
9107,運輸・物流,,
9110,運輸・物流,,
9115,運輸・物流,,
9119,運輸・物流,,
9127,運輸・物流,,
9130,運輸・物流,,
9142,運輸・物流,,
9143,運輸・物流,,
9145,運輸・物流,,
9147,運輸・物流,,
9158,情報通信・サービスその他,,
9159,情報通信・サービスその他,,
9160,情報通信・サービスその他,,
9161,情報通信・サービスその他,,
9162,情報通信・サービスその他,,
9163,情報通信・サービスその他,,
9164,情報通信・サービスその他,,
9165,情報通信・サービスその他,,
9166,情報通信・サービスその他,,
9168,情報通信・サービスその他,,
9171,運輸・物流,,
9173,運輸・物流,,
9193,運輸・物流,,
9201,運輸・物流,,
9202,運輸・物流,,
9204,運輸・物流,,
9206,運輸・物流,,
9211,情報通信・サービスその他,,
9212,情報通信・サービスその他,,
9213,情報通信・サービスその他,,
9214,情報通信・サービスその他,,
9215,情報通信・サービスその他,,
9216,情報通信・サービスその他,,
9218,情報通信・サービスその他,,
9219,情報通信・サービスその他,,
9220,情報通信・サービスその他,,
9221,情報通信・サービスその他,,
9223,情報通信・サービスその他,,
9225,情報通信・サービスその他,,
9227,情報通信・サービスその他,,
9229,情報通信・サービスその他,,
9232,運輸・物流,,
9233,運輸・物流,,
9235,情報通信・サービスその他,,
9236,情報通信・サービスその他,,
9237,情報通信・サービスその他,,
9238,情報通信・サービスその他,,
9240,情報通信・サービスその他,,
9241,情報通信・サービスその他,,
9242,情報通信・サービスその他,,
9244,情報通信・サービスその他,,
9245,情報通信・サービスその他,,
9246,情報通信・サービスその他,,
9247,情報通信・サービスその他,,
9248,情報通信・サービスその他,,
9249,情報通信・サービスその他,,
9250,情報通信・サービスその他,,
9251,情報通信・サービスその他,,
9252,情報通信・サービスその他,,
9253,情報通信・サービスその他,,
9254,情報通信・サービスその他,,
9256,情報通信・サービスその他,,
9257,情報通信・サービスその他,,
9258,情報通信・サービスその他,,
9259,情報通信・サービスその他,,
9260,商社・卸売,,
9262,小売,,
9264,商社・卸売,,
9265,商社・卸売,,
9267,小売,,
9268,商社・卸売,,
9270,商社・卸売,,
9271,小売,,
9272,情報通信・サービスその他,,
9273,商社・卸売,,
9274,商社・卸売,,
9275,小売,,
9278,小売,,
9279,小売,,
9282,-,,
9284,-,,
9285,-,,
9286,-,,
9287,-,,
9301,運輸・物流,,
9302,運輸・物流,,
9303,運輸・物流,,
9304,運輸・物流,,
9305,商社・卸売,,
9306,運輸・物流,,
9307,運輸・物流,,
9308,運輸・物流,,
9310,運輸・物流,,
9311,運輸・物流,,
9312,運輸・物流,,
9313,運輸・物流,,
9319,運輸・物流,,
9322,運輸・物流,,
9324,運輸・物流,,
9325,運輸・物流,,
9326,運輸・物流,,
9327,運輸・物流,,
9330,情報通信・サービスその他,,
9331,情報通信・サービスその他,,
9332,情報通信・サービスその他,,
9336,情報通信・サービスその他,,
9337,情報通信・サービスその他,,
9338,情報通信・サービスその他,,
9339,情報通信・サービスその他,,
9340,情報通信・サービスその他,,
9341,情報通信・サービスその他,,
9342,情報通信・サービスその他,,
9343,情報通信・サービスその他,,
9344,情報通信・サービスその他,,
9345,情報通信・サービスその他,,
9346,情報通信・サービスその他,,
9347,情報通信・サービスその他,,
9348,情報通信・サービスその他,,
9351,運輸・物流,,
9353,運輸・物流,,
9355,運輸・物流,,
9360,情報通信・サービスその他,,
9361,運輸・物流,,
9362,運輸・物流,,
9363,運輸・物流,,
9364,運輸・物流,,
9365,運輸・物流,,
9366,運輸・物流,,
9367,運輸・物流,,
9368,運輸・物流,,
9369,運輸・物流,,
9376,情報通信・サービスその他,,
9377,運輸・物流,,
9380,運輸・物流,,
9381,運輸・物流,,
9384,運輸・物流,,
9385,素材・化学,,
9386,運輸・物流,,
9399,情報通信・サービスその他,,
9401,情報通信・サービスその他,,
9404,情報通信・サービスその他,,
9405,情報通信・サービスその他,,
9408,情報通信・サービスその他,,
9409,情報通信・サービスその他,,
9412,情報通信・サービスその他,,
9413,情報通信・サービスその他,,
9414,情報通信・サービスその他,,
9416,情報通信・サービスその他,,
9417,情報通信・サービスその他,,
9418,情報通信・サービスその他,,
9419,情報通信・サービスその他,,
9421,情報通信・サービスその他,,
9423,情報通信・サービスその他,,
9424,情報通信・サービスその他,,
9425,情報通信・サービスその他,,
9428,情報通信・サービスその他,,
9432,情報通信・サービスその他,,
9433,情報通信・サービスその他,,
9434,情報通信・サービスその他,,
94345,情報通信・サービスその他,,
9435,情報通信・サービスその他,,
9436,情報通信・サービスその他,,
9438,情報通信・サービスその他,,
9439,情報通信・サービスその他,,
9441,情報通信・サービスその他,,
9444,情報通信・サービスその他,,
9445,情報通信・サービスその他,,
9446,情報通信・サービスその他,,
9449,情報通信・サービスその他,,
9450,情報通信・サービスその他,,
9466,情報通信・サービスその他,,
9467,情報通信・サービスその他,,
9468,情報通信・サービスその他,,
9470,情報通信・サービスその他,,
9474,情報通信・サービスその他,,
9475,情報通信・サービスその他,,
9476,情報通信・サービスその他,,
9478,情報通信・サービスその他,,
9479,情報通信・サービスその他,,
9501,電力・ガス,,
9502,電力・ガス,,
9503,電力・ガス,,
9504,電力・ガス,,
9505,電力・ガス,,
9506,電力・ガス,,
9507,電力・ガス,,
9508,電力・ガス,,
9509,電力・ガス,,
9511,電力・ガス,,
9513,電力・ガス,,
9514,電力・ガス,,
9517,電力・ガス,,
9519,電力・ガス,,
9522,電力・ガス,,
9531,電力・ガス,,
9532,電力・ガス,,
9533,電力・ガス,,
9534,電力・ガス,,
9535,電力・ガス,,
9536,電力・ガス,,
9537,電力・ガス,,
9539,電力・ガス,,
9543,電力・ガス,,
9551,電力・ガス,,
9552,情報通信・サービスその他,,
9553,情報通信・サービスその他,,
9554,情報通信・サービスその他,,
9556,情報通信・サービスその他,,
9557,情報通信・サービスその他,,
9558,情報通信・サービスその他,,
9560,情報通信・サービスその他,,
9561,情報通信・サービスその他,,
9562,情報通信・サービスその他,,
9563,情報通信・サービスその他,,
9564,情報通信・サービスその他,,
9565,情報通信・サービスその他,,
9600,情報通信・サービスその他,,
9601,情報通信・サービスその他,,
9602,情報通信・サービスその他,,
9603,情報通信・サービスその他,,
9605,情報通信・サービスその他,,
9610,情報通信・サービスその他,,
9612,情報通信・サービスその他,,
9613,情報通信・サービスその他,,
9616,情報通信・サービスその他,,
9619,情報通信・サービスその他,,
9621,情報通信・サービスその他,,
9622,情報通信・サービスその他,,
9625,情報通信・サービスその他,,
9627,小売,,
9628,情報通信・サービスその他,,
9629,情報通信・サービスその他,,
9632,情報通信・サービスその他,,
9633,情報通信・サービスその他,,
9635,情報通信・サービスその他,,
9636,情報通信・サービスその他,,
9639,情報通信・サービスその他,,
9640,情報通信・サービスその他,,
9644,情報通信・サービスその他,,
9647,情報通信・サービスその他,,
9651,情報通信・サービスその他,,
9656,情報通信・サービスその他,,
9658,情報通信・サービスその他,,
9661,情報通信・サービスその他,,
9663,情報通信・サービスその他,,
9672,情報通信・サービスその他,,
9675,情報通信・サービスその他,,
9678,情報通信・サービスその他,,
9679,情報通信・サービスその他,,
9682,情報通信・サービスその他,,
9684,情報通信・サービスその他,,
9685,情報通信・サービスその他,,
9686,情報通信・サービスその他,,
9687,情報通信・サービスその他,,
9691,情報通信・サービスその他,,
9692,情報通信・サービスその他,,
9696,情報通信・サービスその他,,
9697,情報通信・サービスその他,,
9698,情報通信・サービスその他,,
9699,情報通信・サービスその他,,
9701,情報通信・サービスその他,,
9702,情報通信・サービスその他,,
9704,情報通信・サービスその他,,
9706,不動産,,
9708,情報通信・サービスその他,,
9709,情報通信・サービスその他,,
9713,情報通信・サービスその他,,
9715,情報通信・サービスその他,,
9716,情報通信・サービスその他,,
9719,情報通信・サービスその他,,
9720,情報通信・サービスその他,,
9722,情報通信・サービスその他,,
9723,情報通信・サービスその他,,
9726,情報通信・サービスその他,,
9729,情報通信・サービスその他,,
9731,情報通信・サービスその他,,
9733,情報通信・サービスその他,,
9735,情報通信・サービスその他,,
9739,情報通信・サービスその他,,
9740,情報通信・サービスその他,,
9742,情報通信・サービスその他,,
9743,情報通信・サービスその他,,
9744,情報通信・サービスその他,,
9746,情報通信・サービスその他,,
9749,情報通信・サービスその他,,
9753,情報通信・サービスその他,,
9755,情報通信・サービスその他,,
9757,情報通信・サービスその他,,
9759,情報通信・サービスその他,,
9760,情報通信・サービスその他,,
9761,情報通信・サービスその他,,
9763,商社・卸売,,
9765,情報通信・サービスその他,,
9766,情報通信・サービスその他,,
9767,情報通信・サービスその他,,
9768,情報通信・サービスその他,,
9769,情報通信・サービスその他,,
9776,情報通信・サービスその他,,
9778,情報通信・サービスその他,,
9780,情報通信・サービスその他,,
9782,情報通信・サービスその他,,
9787,情報通信・サービスその他,,
9788,情報通信・サービスその他,,
9790,情報通信・サービスその他,,
9791,情報通信・サービスその他,,
9793,情報通信・サービスその他,,
9795,情報通信・サービスその他,,
9799,情報通信・サービスその他,,
9812,商社・卸売,,
9816,不動産,,
9818,商社・卸売,,
9820,不動産,,
9823,小売,,
9824,商社・卸売,,
9827,商社・卸売,,
9828,小売,,
9830,商社・卸売,,
9831,小売,,
9832,商社・卸売,,
9835,小売,,
9837,商社・卸売,,
9842,小売,,
9843,小売,,
9845,素材・化学,,
9846,小売,,
9849,商社・卸売,,
9850,小売,,
9852,商社・卸売,,
9853,小売,,
9854,小売,,
9856,小売,,
9857,商社・卸売,,
9861,小売,,
9867,商社・卸売,,
9869,商社・卸売,,
9872,商社・卸売,,
9876,小売,,
9878,小売,,
9880,電機・精密,,
9882,商社・卸売,,
9885,商社・卸売,,
9887,小売,,
9888,商社・卸売,,
9889,情報通信・サービスその他,,
9890,小売,,
9895,商社・卸売,,
9896,商社・卸売,,
9900,小売,,
9902,商社・卸売,,
9903,小売,,
9904,小売,,
9906,商社・卸売,,
9908,商社・卸売,,
9913,商社・卸売,,
9914,商社・卸売,,
9927,小売,,
9928,情報通信・サービスその他,,
9929,商社・卸売,,
9930,商社・卸売,,
9932,商社・卸売,,
9934,商社・卸売,,
9936,小売,,
9941,商社・卸売,,
9946,小売,,
9948,小売,,
9950,小売,,
9955,商社・卸売,,
9956,小売,,
9959,小売,,
9960,商社・卸売,,
9962,商社・卸売,,
9969,小売,,
9972,商社・卸売,,
9973,小売,,
9974,小売,,
9976,小売,,
9978,小売,,
9979,小売,,
9980,小売,,
9982,商社・卸売,,
9983,小売,,
9984,情報通信・サービスその他,,
9986,商社・卸売,,
9987,商社・卸売,,
9989,小売,,
9990,小売,,
9991,商社・卸売,,
9993,小売,,
9994,小売,,
9996,商社・卸売,,
9997,小売,,
